content,label
sayang g bisa digunakan m bca gbisa dipake q butuh transfer buat isi paketan ğŸ˜¡ğŸ˜¡ğŸ˜¡ diperbaiki m bca,-1.0
"jelek aplikasi payah BCA,masak tau tau kluar sendiri dan tidak bisa ceklis 2 ,udh di uninstall dn install ulang ttp aja payah",-1.0
baik,0.0
"suka loading kalau dibuka,, gak bisa sat set lampunya selalu merah kalau mau transaksi. mesti tgu brp menit baru lampu berubah hijau",-1.0
"Peringatan yang selalu mengganggu ""Transaksi dapat dilakukan setelah lampu indikator berwarna hijau""",-1.0
"bukti quirs tidak ada tetapi saldo terpotong dan mutasai nya berasil ,apa bukti quris nya di korupsi,dan pihak penerima tidak ada saldo yg di terima sepeser pun",-1.0
"ini ko aneh ya ga bsa buat transfer,merah trs",-1.0
aneh awal bulan udh kepotong 40rb,-1.0
sering gangguan,-1.0
makin k sini makin ssuasah aja buka BCA mobile jaringan bagus tapi susah d akses,-1.0
ini kenapa 205 - sementara transaksi tidak bisa di proses sudah 1 bulan ni knp ?,-1.0
"Sama aja susah lah, mending di save manual udahlah",-1.0
pas udh update lampu hijau lama . dan agak lem ot .,-1.0
"Dear BCA sekarang kartu ATM yang baru beda dengan yang lama, nama pemilik dan nomor kartu yang tercetak di kartu ATM, tidak dicetak EMBOSS(timbul). lebih bagus yg versi lama...tp fitur ok, top up e wallet bisa brp aja, ga perlu ngantri di ATM. Bisa belanja online bayar dengan Debit online ğŸ§ğŸ¦.",0.0
"Sangat ribet... lama gak di buka,malah di suruh aktifkan di Atm Bca...parah.. gak mutu aplikasi ini..",-1.0
sangat sangat bagus sekalib,1.0
"trf antar bca eror mulu, heran",-1.0
"lemot parah sudah berminggu2,padahal jaringan lancar bgt padahal masa transaksi harus pake kartu lagi?? tolong dong di perbaiki",-1.0
abis upgrade sinyal jelek.. parah,-1.0
lemottttt gabisa sat set di update tambah parah !!!,-1.0
agar di perbaiki sistem,-1.0
"sering ngeblank, adminnya mahal",-1.0
suka eror ga jelas,-1.0
gampan d pahami,1.0
"login lama, sinyal merah teruss bikin repot aja bukan memudahkan",-1.0
menurut saya ini bank yang terbaik selain pelayan nya yang gercep jika ingin tanya tanya admin langsung sigap,1.0
mau bikin rekening aja susahnya error dari pelayanannya,-1.0
"m-banking sy gk bisa d buka, paketnya ada, tp gk mau d buka kenapa ya",-1.0
makin ke sini makin jaringan nya slalu biru lemot banget harus di pebaikin lagi biar transaksi nya ga lemot,-1.0
kenapa Gak bisa dibantu perbaiki pasword lewat panggilan tlpon.kalau ke bank terlalu ribet dan makan waktu,-1.0
"woy BCA gmna sih kode otp GK d kirim2 gimana mau bisa d gunain, stres BCA udh BRP kali klik minta kode otp GK d kirim2. sumpah taikkk banget ini bca",-1.0
pas mau masuk pesan nya ga di bales bales,-1.0
habis di-update koneksi jadi lemoott,-1.0
lama ya laporan uang ke pengirim tidak sampai ke saldo tidak balik lagi. peroses lama. uang lari nya kemana ya. apakah masih aman menggunakan BCA. ? kalo masih aman ko proses lama ya.,-1.0
terima,0.0
mbangking BCA kenapa ya kok akhir akhir ini lemot sekali ?? bukan cuma di saya tapi di teman dan suami saya mbangking BCA nya sangat amat lemot,-1.0
"bca skarang pelayanan nya koq jelek banget ya ngga kaya dulu,.dulu pelayanan nya cukup 1 org dan cepet selesai nya,tapi sekarang buka rekening aja harus di lempar sana sini,harus di tangani 4 org,itu yg menjadi lama banget selesai nya,masuk jam 08:15 ,selesai jam 10:15,.satpam dulu sama yg skrg jauh lebih ramah yg dulu,.satpam bca dulu terkenal ramah dalam menyambut dan membantu nasabah tp skrg keliatan kaku banget..ini sy alami di bca kcb Cikande,yg di ruko kawasan industri ckd..",-1.0
"makin kesini makin lemot, lampu indikator lama berubahnya. padahal sinyal dan kecepatan kuota saya lumayan.",-1.0
aplikasi burik. ganti device gagal verifikasi wajah. sudah daftar ulang di ATM. ulang lagi verifikasi wajah lagi dan gagal lagi. benar2 ngerjain orang dan sangat bikin kecewa mau cepat jadi lambat begini,-1.0
"kalau thn 2018 ,jujur BCA memang top pelayanan nya bagus,ramah dan cepat,namun tadi pagi saya ke bca ,koq pelayanan nya parah amat yaa? sy mau buka rekeninh aja sampai harus di lempar sana sini,sampai 4 org yg nangani,klo dulu kan 1 org juga cukup dan lgsg selesai..makin ke sini pelayanan nya makin ajurrr,sy alami di kancab nya bca cikande yg di ruko..sy masuk jam 08.15 ,selesai jam 10 :15 lama banget.",-1.0
GILA LEMOT BGT SKRG MERAH MULU PDHL JARINGAN BAGUS,-1.0
"mohon bantuannya, kok pas registrasi indikator nya hilang? padahal udah coba registrasi hampir 15x ttp aja g muncul indikatornya, sampe abis pulsanya buat nyoba tp ttp gabisa aja, mohon solusinyağŸ™ğŸ™",-1.0
telalu bertele tele oprator cs bernama putri,-1.0
mantap,0.0
susah dapat signal hijau. apalagi dimall,-1.0
"Lha kok sekarang sering banget nyala merah terus, gak bisa diapa2kan. jangan bilang jaringan internet saya lambat atau HP saya error ya. yg bener aja, wong lancar buat streaming gini. Dan parahnya ini admin cuma nyalahkan pengguna karena jaringannya yg lemot. Woeee ngaca lah, ini semua pada protes dot merahnya yg lama nunggu hijau, bukan hanya saya.",-1.0
"makin ksni makin parah merah mulu ,notifikasi kaga muncul,tolong d perbaiki",-1.0
lemot terus aplikasinya gk beres padahal device saya normal gk ada masalah jaringan juga bagus masih aja lama loadingnya gk jelas,-1.0
setelah di update malah jd jelek merahnya makin lbh lama transaksi mau cepet jd harus nunggu lbh lama,-1.0
iniii kenapa ya kok apk BCA gabisa di buka tolong dong yang bener,-1.0
oke,0.0
merah terus ni apk,-1.0
tolong berikutnya update menu tambahan kotak masuk (khusus transferan masuk saja),-1.0
"sumpah ni aplikasi sampah betul, mau aktifin mbanking aja susah betul, berapa kali coba gk bisa2 sampai habis pulsa buat kirim SMS ke BCA. SAMPAH SAMPAHHH",-1.0
gajelas sekarang indikator nya merah terus padahal jaringan bagus,-1.0
"km kenapa sih akhirÂ² ini kek siput, lemot bgt ğŸ˜­",-1.0
"skrng sistemnya sangat lambat, jdi memperjambat pekerjaan",-1.0
SISTEM BCA MOBILE SANGAT LEMOT KETIKA ADA URGENT TRANSAKSI JADI PENGHAMBAT!!!!,-1.0
saya baru buka rekening terus daftar sukses saldo saya masih kosong terus saya isi lewat dana pengiriman uang sukses tapi saya cek saldo saya ko masih kosong belum masuk padahal saya dapat SMS ada transferan masuk saya cek saldo masih kosong,-1.0
kenapa sinyalnya sekarang merah terus sih semenjak update? padahal sinyal bgus posisi jugak di tempat strategis,-1.0
knp ko apk nya lelet pdhl kuota ada n sinyal bagus..tolong BCA di perbaiki soalnya ini sangat menghambat sy dlm transaksi...ini terjadi stlh di update..mohon di perhatikan,-1.0
"cuma mindahin SIM-card langsung minta verifikasi ulang, mana pake pulsa lagi. ribet bener ni aplikasi, dikit dikit verifikasi masalah sepele",-1.0
"entah setelah update kok berasa indikator hijaunya lama sekali , sebelum update ga begitu deh min",-1.0
"sangat membantu dan memeuaskan untuk transaksi belanja, dan mudah untuk di pelajari",-1.0
bagus,1.0
jncok koq DA pot GK jls,-1.0
potongan nya ngeri banget tolong min potongan tiap bulan satu kali aja masa ini 1 bulan potongan dulu kali ğŸ˜­,-1.0
sangat membamtu,1.0
"saldo terpotong tiba-tiba, nominal sih sedikit, tapi untuk potongan apa?? baru kali ini kejadian di BCA mobile",-1.0
sekarang lemot banget pakai wifi atau data nggak hijau hijau lampunya padahal kita pakai mobile banking butuh kecepatan buat pembayaran,-1.0
"Di update bulannya makin bagus lancar ,ini malah lemot padahal jaringan bagus. hadeuhh",-1.0
okey,0.0
aplikasi bagus keren tapi selalu ada masalah dikit dikit,-1.0
"setelah diupdate makin lemot ,",-1.0
nunggu lampu indikator merah ke hijau lama banget... pdahal jaringan 5G,-1.0
diUpdate malahan sinyal merah teruss.... jdi susah bwat transaksi.... Parah,-1.0
sangat mudah,1.0
"sangat sangat buruk sejak november aplikasinya susah untuk digunakan , lemoottt sangaatt lemoottt , lampunya merah teruuss mempersulit transaksi , pokoknya skrg sama aplikasi ini don't like!!!",-1.0
kenapa ya kadang koq eror kayak jaringan bagus tapi indikator lampu merah terus,-1.0
top,1.0
tolong ya admin BCA beberapa minggu ini seringan eror dimalam hari,-1.0
membuat semua nya lebih mudah yg,1.0
ok,0.0
dikit dikit eror ke kantor...respon lambat,-1.0
"lag banget, padahal jaringan full buat app lain lancar tapi pas buka mbanking cacat",-1.0
setelah update lemot nya minta ampun,-1.0
suka,0.0
ngelag bangetttt,-1.0
Bagus sih cuma sekarang mah lemot aplikasinya gak kayak dulu,-1.0
Oke,0.0
semakin ke sini semakin lemot,-1.0
aplikasi error terus. gak berguna. mau cek saldo aja gak bisa terus apa gunanya instal aplikasi ini ? Bikin kesel aja !,-1.0
tolol,-1.0
thanks for ABC,1.0
"mbankingnya kenapa ya min tiap saya buka selalu lampunya merah terus, apalagi kalau mau transaksi jadi semakin lama gara gara lampunya merah padahal sinyal hp saya kuat",-1.0
"tampilan aplikasi sangat jelek, dan membingungkan. harusnya bisa lebih bagus tampilannya agar memudahkan transaksi",-1.0
Sekelas BCA mbankingnya bermasalah Mulu. Halo IT nya gak bekerja kah? Stuck di laman saat ini transaksi.....bla..bla ga jelas,-1.0
sering di update makin sini tambah buruk . enak pke MYBCA,-1.0
terkadang signal nya selalu merah dan harus nunggu lama sampai berubah hijau,-1.0
aktivasi kaga bisa2 udah abis pulsa 20 rb aplikasi tolol makin lama makib ga beres,-1.0
kenapa tidak bisa di downlode lagi,-1.0
"kode nya GK masuk"" cok",-1.0
ahhh...errorrr,-1.0
"aplikasi sangat lelet ya,,dari lampu merah ke biru sampai ke hijau aja sangat lama,,bener,,,",-1.0
"akhir akhir ini app loading butuh waktu lumayan lama baik itu untuk cek mutasi ataupun utk transaksi, harap diperhatikan masalah ini karena bila lemot akan sangat mengganggu. Btw tak lama setelah review langsung dpt respon dari pengembang. Perlu diketahui saat ini saya menggunakan device android 15 yg mana sebelumnya pada device android 13 lancar jaya dengan jaringan yg sama.",-1.0
update yg terbaru malah jadi lelet. Masi mendingan versi yg lama cepat tdk lelet,-1.0
"ini kok susah banget buat login, padahal kartu aktif & pulsa pun ada. udah 2 hari kek gini",-1.0
masukan kode 6 dijid susah minta ampun sampai habiskan uang ribuh rupiah sampai saat ini..otp..sampai datang ke kantor bca lama gak bisa2 trs pulang,-1.0
"mau pake aplikasi mobile BCA aja smpe harus habisin pulsa dulu, itupun jg masih blm bisa masuk verifikasi cm garaÂ² notif nunggu indikator berwarna hijau. tolong dong diperbaiki lagi aplikasinya....",-1.0
"cuma pindah hp aja susah banget sekarang. udah verifikasi KTP sama wajah sukses, tinggal kirim kode otp smp 5 hari kodenya gk masuk2 udah di ulang beberapa kali tetep gk masuk SMS kode otpnya, pdahal saya terima SMS dari nomor lain bisa.",-1.0
tolong di perbaiki. tiap mw transaksi slalu lampu hijau nya lama Skali.,-1.0
update sekrang kok agak lemot ya,-1.0
"ribet, mw registrasi ulang aja muter trs, padahal udh lama jd member",-1.0
"setelah aktif akun bca mobile nya, kok gabisa buat transaksi ğŸ˜ŒğŸ™",-1.0
"sinyal susah semenjak update, parah2",-1.0
wahai developer request E-CashTap Nfc pay,-1.0
kenapa apa apa harus nunggu ijo??? kadang kadang merah nya lamaaaaaa nggak kayak mbanking lain tinggal pencet pencet aja,-1.0
"makin lama makin menjadi jadi nih aplikasi, bukannya makin bagus malah makin lemot, membuat satu transaksi aja, butuh beberapa menit. apalagi kita pake qris untuk pembayaran di swalayan, kalau bisa jangan deh teman teman. bisa malu kita, sinyalnya merah terus, sok sokan pake merah biru hijau. ntah apa gunanya yg biru, gak bisa juga digunakan. dikira lalu lintas kali ya,, wkwkwk makin buruk saja. makan gaji buta aja nih karyawannya",-1.0
bca semakin hari ganguan Mulu ga ga jelas,-1.0
"mau akses mutasi rekening di mbca lama banget padahal hijau lampunya,tiap mau qris jg lama,padahal aplikasi sudah di update kenapa BCA skrg jadi begini",-1.0
ada saat dmanana cek rek koran harus menunggu lama.,-1.0
"setelah update malah tambah jelekk, indikator merah terus padahal koneksi baguss, masa setiap mau transaksi harus on off data",-1.0
"beberapa minggu ini BCA Mobile sering bermasalah, mau transaksi aja lampu indikatornya lama banget berubah jadi hijau. padahal udah coba instal ulang, ganti koneksi dll",-1.0
"setelah update signalnya buruk merah terus, padahal pakai wifi.",-1.0
"Kenapa sekarang lemot banget indikator merah ke hijau harus nunggu beberapa menit dulu, agak menghambat ketika ingin transaksi lewat qrish ato tf minta tolong lah, di perbarui bukannya maksimal malah minimal",-1.0
tambah lama tambah lemot aja,-1.0
hbs update malah lemot tiap kali mau masuk nungguuuu ilang meraaahnya lamaaaa banget,-1.0
"LAMPU BIRU SANGT MENGGANGGU DALM TANSKSI JADI LAMABT, HARUS NUNGGU LAMPU HIJAU DULU",-1.0
"Sistem gangguan terus, perbaiki dong, kalah sama mobile bank yg lain. Payah",-1.0
"timbang mau login aja susah banget,perkara ganti hp... teknologi udah maju masih aja dipersulit",-1.0
"Habis di updet jadi lemot pollllll merah mulu, nyesel aku updet, bikin emosi",-1.0
perfect,0.0
sangat bagus,1.0
sinyal kuat tapi sering merah kocak ni sekarang apk buat bayar2 lama bgt nunggu mpe ijo,-1.0
sangat lambat dari merah ke hijaunya padahal jaringan dah kenceng 5G 127Mbps,-1.0
"indikator lampu nya merah terus, jd ga nyaman dlm transaksi update terakhir failed worst!!!",-1.0
"Kenapa ya setelah di update ke versi terbaru jadi agak sedikit lemot dan berat ,mudah2an secepatnya kembali normal seperti sediakala.BCA gitu lohhh ğŸ™",-1.0
"aplikasi parah lagi butuh banget transaksi ga bisa dipake,indikator merah koplak banget.",-1.0
"aplikasi sering lost koneksi, padahal sinyal bagus dan kouta masih banyak, membuka aplikasi juga tidak terkendala.",-1.0
good job,0.0
toppp markotoppp,1.0
mudah bertrasaksi,0.0
"habis diupdate malah indikator warnanya merah terus ngga berubah hijau, tolong perbaiki",-1.0
Susah harus video call ini itu ribet banget. tiba tiba apk kluae sendiri tidak jelas,-1.0
Bagus ğŸ‘,0.0
"nice, di tingkatkan lagi biar ga lelet",0.0
Setelah update Masa indikator merah terus...lah make aplikasinya gemana ngga bisa di pakai..... Udah bolak balik restart hape penyakitnya lampu indikator merah lama... payah,-1.0
lambat sekarang jaringanya,-1.0
Erorrrr trssss sinyal bagus padahal,-1.0
"sinyal kurang bagus, lebih sering status sinyal warna merah terus...",-1.0
"aplikasi buang"" waktu",-1.0
susah dapet sinyal hijau,-1.0
semenjak update kok malah sering merah sinyalnya susah buat transaksi,-1.0
"setiap login menunggu lamu hijau lama sekali, semenjak maintenance terakhir semakin lambat",-1.0
"asal jam 23.00 pasti merah terus indikator nya, bikin repot kalau kek gini buat transaksi...",-1.0
edan jaringan sudah bagus merah trrus indikatornya,-1.0
"saya telah menggunakan lama menggunakan BCA mobile ini tapi belakangan ini aplikasi sangat buruk untuk koneksi menunggu dari merah ke hijau, (jangan nyalahin jaringan saya, saya menggunakan STARLINK ""baca;STARLINK"") susah sekali lapor bug ini ke developer kalian ya, heran saya sekelas BCA hal2 SEPELE seperti ini tidak diperhatikan,",-1.0
"abis diupdate nunggu sinyal ijonya lama banget, tolong diperbaiki lagi",-1.0
"mbanking saya kalau pakai wifi kok gk bisa terkoneksi, kalau pakai data bisa, padahal pengaturan penggunakan data, data dan wifi sudah nyalah semua.",-1.0
"OTP ga masuk2. Malah ngabisin pulsa doang,payah",-1.0
setelah update loading nya jadi parah banget,-1.0
okee,0.0
indikator merah terus padahal sinyal lancar!!!,-1.0
ini MBangking ko merah terus tanda lampunya gak pernah hijau,-1.0
saya salah transfer apakah bisa uang nya kembali lagi ke ATM saya,-1.0
setelah update sekarang merah terus susah hijau padahal sinyal ke apk yang lain lancar,-1.0
"sinyal full, paket data Internet 2 kartu SIM masih banyak ttp aja lampunya merah ga bisa buat transaksi dll!!!",-1.0
top up Flazz 100k dananya udh ilang.di flazznya belum keisi .notifnya gagal top up di history top up gk ada di mutasi rekening ada pembayaran top up.hehe,-1.0
kenapa saya susah banget masuknya belum juga dapet nomor otp,-1.0
di upgrade malah merah mulu kocak,-1.0
tak berguna,-1.0
ribet bgt riset pw,-1.0
aplikasi ga jls masuk mbanking aja lama setalah update makin lemot aneh aneh,-1.0
yes bca,0.0
"woi ini knp si merah terus, ga bisa transaksi kalo begini terus",-1.0
dipermudah,1.0
ko lampu nya merah terus ..sedikit sedikit merah ...makin sini makin jelek ..padahal jaringan bagus,-1.0
enek banget gue nunggu ini aplikasi notip merah terus lama banget ke notif hijau,-1.0
"setelah diperbaharui indikator lampu merah terus, sebelumnya cepat berubah menjadi hijau jadi cepat bertransaksi.. sekarang tunggu lamaaaaaaaaaaaaaa masih merah..",-1.0
"knpa ga hijau lampunya,error y tolong di benahi.",-1.0
"setelah update terasa sangat slow respon sekali aplikasi nya. keseringan merah indikator,pas ijo masukin pin lambat bgt tiba"" terputus . blm lagi bca kybord nya yampun.",-1.0
Sudah coba bikin online 3 kali tapi selalu gagal,-1.0
"aneh tidak bisa menerima sms verifikasi, pulsa ada 30rb gabisa terima sms",-1.0
Jadi lemot ke sinyal ijo nya,-1.0
Ko sekarang lampunya susah hijau,-1.0
"Untuk Bank pelayanan Terbaik ku akui BCA, Dari Parkir Gratis, Satpam sampai Teller, Jozz semua Pelayanannya...ğŸ‘ğŸ» Sayang tidak dengan Apk M-Bankingnya... Beberapa Kali mengalami error yang mengharuskan datang ke bank untuk perihal login... ğŸ¥´",-1.0
makin kesini buat jadi hijau sangat lama,-1.0
jujur asli BCA mobile jelek banget padahal saya sudah pakai hampir beberapa tahun baru sekarang BCA mobile kacau,-1.0
setelah Hp d setelan pabrik download lg BCA mobile kenapa gak bisa masuk lg... kok susah banget... tolong dong d permudah,-1.0
"gampang error, lampu indikator merah terus",-1.0
"lampu indikator gak jelas abis update lemotnya nunggu warna ijo.woi sinyal gue lancar ya,jangan suruh restart2 hape ato mode pesawat2an segala alasan clasic.yang lemot aplikasinya kenapa jadi hapenya yg disalahin,toh sebelom update lancar2 aja cepet sat set.",-1.0
setelah di update makin lemot buat pembayaran maupun cek saldo!!tolong dong perbaiki!jgn nyusahin,-1.0
makin ruwet,-1.0
pasangin antena biar bagus sinyal aplikasinya,-1.0
sinya tolong perbaikin lagi suka keluar sendiri,-1.0
semoga UI nya bisa lebih baik lagi ğŸ™ . rate bintang 4 dulu.,1.0
"setelah update, pembayaran pakai qris tulisannya kosong.. kenapa ya, min,",-1.0
di saat penting malah sering merah..harus nunggu ijo baru bisa dipake...kacauu,-1.0
"jujur masih suka dengan design apk lama, versi terbaru ini justru buat makin lemot mungkin karna penggunaan data yg lebih banyak yaa",-1.0
The best Bca bank I like,1.0
kide otp ga bisa dikirim ke nomer saya,-1.0
"kok jadi berat sih, abis updet kemarin????",-1.0
"ini abis di update kok merah terus ya, jadi ga bisa transfer saya, aduhhh ğŸ¤·ğŸ»â€â™‚ï¸ ""sudah bisa, saya rubah ulasan saya, terimakasih atas fast responnya"" ğŸ™ğŸ»ğŸ‘ğŸ»ğŸ‘ğŸ»",-1.0
hilangkan indikator hijau birunya,-1.0
sangat puas,1.0
sudah 17 THN pake BCA tidak pernah ada kendala.tapi dua hari ini kok ada masalah ya ma jaringan nya.pake wifi atau pun data tetap jaringan nya merah lama juga.jadi lambat mau transaksi.padahal ya juga belum waktunya di update.sangat terganggu pas mau transaksi pembelian pake qiuris.karna harus nunggu lampunya hijau.,-1.0
habis update malah sinyal merah terus,-1.0
"kenapa mau transfer selalu gagal,? padahal sudah pembaruan.",-1.0
"gajelas banyak potong""an",-1.0
"KENAPA SERING MERAHHHH!!!! SAYA MALU, GAK BISA BUAT BAYAR, BIKIN ANTRIAN PANJAAANGGGGGGGGGGGGGGG TOLONG SEGERA BENAHI ğŸ‘¿",-1.0
di update menu informasi saldo malah hilang,-1.0
setelah di updet di play store kok malah agak lemot ya,-1.0
Mudah dan praktis digunakan,1.0
aplikasi lemot ... gak guna percuma gua rat 5 mending 1 dulu gimana perubahan nya selanjutnya,-1.0
"Saya dari dulu senang memakai BCA karena mudah, praktis, ga sering kendala kaya Bank lain, tapi saya mau mengeluhkan untuk aplikasi ini setelah ada pembaruan terakhir jadi rada berat aplikasinya terus kadang juga lemot pas buka padahal perangkat/device yang saya gunakan baik baik saja dan tidak penuh memori. Tolong dibetulkan supaya tidak terjadi lemot pada waktu awal buka sebelum memassukan pin aplikasi dan setelah memasukkan pin aplikasinya. Terima kasih",-1.0
"setelah di update aplikasi makin buruk nunggu jaringan stabil sampe 1 menitan, mau cardless aja hrs bolak- balik aplikasi sampe 3x karena sending kodenya lama dan merah mulu, padahal yang di belakang ngantri,gimana si bukannya makin membaik malah makin buruk, kembalikan aja ke versi yg lama",-1.0
sangat membantu,1.0
"M bca sekarang lemot banget sumpah, login lama, qris lama bahkan suka bermasalah, gw sampe bolak balik pulang pergi ke rumah 5x gara2 gak bisa qris ini !! benerin tuh aplikasi, jangan cuma admin nya aja yang digedein !! Bukan nya mempermudah malah nyusahin !!!",-1.0
Pas di Update Malah Sering Banget Merah Lampu Indikatornya. Lemot!,-1.0
kebanyakan lampu merah,-1.0
akhir2 ni lemot lampu hijaunya...tolong perbaiki,-1.0
"kenapa sll susah untuk cek inbox transaksi padahal jaringan ok,lampu hijau tp sll keluar terus dari apk ???",-1.0
sekarang setiap dibuka aplikasi nya pasti selalu merah kenapa sih sekarang bca ini mengecewakan,-1.0
"fiturnya bagus, tapi pada saat saya ganti hp selalu gagal di verifikasi diri (Foto Wajah), dan saya lihat banyak yang mengalami masalah seperti saya. apakah ini error atau seperti apa? kenapa tidak ada pembenahan system. disaat menghubungi CS prosedur nya panjang ujung2nya habisin pulsa dan harus ke kantor cabang. mohon system lebih disempurnakan melalui masukan2 permasalah yang kami sampaikan. terima kasih",-1.0
kenapa setelah apdate aplikask jadi lelet,-1.0
"Habis upgrade kok terasa lemot yah aplikasi bca mobile nya, jaringan sangat bagus dan sinyal full 4G LTE",-1.0
sekelas bca gangguan melulu,-1.0
"knpa skrng BCA parah bgt, potongan ny juga lumayan... masa uang masuk kena potong, blom lagi bulanan wajibny...",-1.0
tidak ada notifikasi jika ada tfan sesama BCA,0.0
setelah di perbarui malah makin lemot buka nya ih,-1.0
"ribet kali dah di suruh masukin kode otp tapi kodenya ga muncul di pesan gimana coba mau masukin kode otpnya, ribet kali dah saya habis ganti device baru sudah saya belikan pulsa juga masih gamau",-1.0
pdhl udh langganan hampir 10tahun tp skrng gampang terblokir pace id muka sm salah kode sms gara2 salah masuk aja 2x langsung terblokir cape benerin trs.,-1.0
kak... ini kenapa gak bisa masuk2 padahal udh kirim SMSğŸ˜­ğŸ˜­ğŸ˜­,-1.0
cara mengaktifkan m banking tolong di bantu sudah di coba berbagai cara sampai datang ke kantor BCA masih tidak bisa,-1.0
setelah update aplikasi malah berat banget aplikasi nya. tolong diperbaiki,-1.0
"masa harus veryfikasi trus, mana sekali krik sms 5000 habis pulsanya",-1.0
kenapa sekarang jadi lemot amat ya eett deh,-1.0
"Padahal Sinyal Bagus, Pakai Wi-Fi Juga Pindah Ke Data Internet, Tapi Sekarang Buat Transaksi Loadingnya Lama, Makin Buruk Saja Aplikasinya",-1.0
mantuul,1.0
BCA,0.0
Busuk. Nunggu indikator hijau aja lama banget.,-1.0
mantaps lah,1.0
"kenapa mau cek saldo,tranfers,Qris bukanya lama banget padahal jaringan bagus sinyal kuat tapi lampu indikator selalu merah nunggu hijau lama banget tolong donk di perbaiki",-1.0
Sangat membantu sekali,1.0
"habis update bukannya nambah bagus malah makin busuk. lampu indikator kelamaan merah padahal sinyal stabil, buka mbanking loadingnya jadi lama padahal hp spek geming, payah. tolong lebih diperhatikan lagi update-annya yağŸ¥°",-1.0
"sinyal bagus tapi masih merah , lemot !!!",-1.0
"makin ke sini,makin g jelas . . di buka sinyalnya ilang,mesti pencet pencet fitur baru dapat sinyal",-1.0
notif merah terus pas saat mau transaksi 29 november 2025,-1.0
"abis update malah makin ribet, signal merah terus... ganggu banget waktu buru2 transaksi malah jadi lambat !",-1.0
sehabis di update malah selalu merah. kecewa.,-1.0
"ini kanapa kak kok,hariÂ² ini kok sering terjadi lampu indikator nya Mirah terus pas jam 00.00 sampai sibuh kadang",
"update an yg terbaru malah susah bngt buat indikator ijo, merah trs",
"semenjak update indikator sinyalnya suka merah terus, padahal sinyal bagus",
ini kenpa susah banget lampu ijo nya dri tdy,
"KENAPA LEMOT NYA MINTA AMPUN ?? JARINGAN OKE TAPI SESUSAH ITU MAU BAYAR PAKAI QRIS AJA KUDU BANGET NUNGGU LAMA, SESUSAH ITU UPGRADE JADI LEBIH OKE KAH ?? GAJELAS KESINI2NYA APLIKASI NYA :)",
"mohon ditinjau ulang , setelah ada lah pembaruan pada aplikasi BCA mobile , terjadi lag saat membuka aplikasi , dan proses transaksi menjadi susah",
"setelah update jaringannya merah trus, padahal sinyal penuh",
sangat buruk m bengking nya,
membantu banyak sekali aktivitas dalam transaksi,
"semenjak Update lemot sekali. tau gitu ga update, kadang bikin transaksi depan kasir lama.",
"Makin di update makin tolol aja ini aplikasi, bukan nya makin cepet malah makin lambat lampu indikator hijau nya",
Habis update kenapa jadi sering merah ini lampu indikatornya. gangguan terus,
setelah update jadi lemot,
payahhh kaga bisaa verifikasii muka terusss,
sangat baik sukses slaluğŸ‘ğŸ»ğŸ‘ğŸ»,
ğŸ‘ğŸ‘ğŸ‘,
sekarang mbanking parah... lemot... terserah anda mau perbaiki apa tdk...,
"tolong perbaiki bca keyboard, sangat lemot tidak bisa d pakai, sekali nya bisa masuk lampu nya merah terusğŸ™",
aplikasi ssah klau d pake buat login,
kembangkan terus BCA,
"mobile bca kena lagi ya, sakit lagi ya ?",
setelah di perbarui malah susah indikator jadi hijau,
"proses transfernya ribet, harus daftar dulu udah gitu harus nunggu lampu indikatornya jadi warna ijo tapi lebih sering merahnya ğŸ˜¡",
"kenapa skrg dikit"" merah,saya buru"" mau bayar lampuny merah trs ga ijo"" padahal jaringan bagus",
kok jadi lemot ya versi terbaru November 2025,
"lampu sering merah sih padahal sinyal juga full,hp idah dinon aktifkan juga tapi tetap merah mulu heran aplikasi ini",
setelah diupdate malah tambah lemot...lebih bagus yg versi sebelumnya,
dari malem sampe sekarang ko lama ya saldo transaksii dari e wallet ke m bca lama banget padahal di e wallet sudah berhasil..,
dari tgl 20 November 2025 BCA ku kok mbangking nya merah trus lampu nya sehingga transaksi terganggu,
Jaringan jelek. Bikin emosi aja. Merah terus merah terus. Dikira ga punya kuota kali. Buruk,
suka lola,
ribet ah pusing SUMPAHHH,
"baru update M-BCA, asli bikin kesel jadi ribet pulsa habis cuma buat otp doang, alhasil nunggu lampu indikator kaga hijau2 stuck.. :(",
Alhamdulillah pokoknya cara kerja sangat cepet sekali,
Tidak bisa melakukan transaksi transfer,
"susah dapet OTP kadang susah juga di akses, ribet",
lemot banget sumpah,
"Ini BCA Mobile kenapa sekarang agak lemot ya Login awal nya, semenjak update. Sebelum update login langsung masuk cepat. Ini juga jenis font nya bikin sakit mata, kembalikan font yang sebelumnya saja. Kembalikan BCA Mobile seperti dulu, sederhana tapi berfungsi dengan baik",
mamtap,
"dear BCA aplikasi bagus cuma boleh lah di tambah tombol back di setiap masuk menu, karena setiap mau home saya harus keluar dari aplikasi dulu kalau mau ke menu awal nya, terimakasih ğŸ™",
LEMOT LEEMOOT LEEEMOOOT,
"kenapa sekarang jadi ribet, biaya bulanan 15000 otomatis, terus pindah akun ke hp baru ada biayanya, habis itu sekarang mau transfer pun harus datang lagi ke kantor nya langsung padahal di m-banking menu transfer pun ada. lalu apa gunanya kalau tiap menu yg ada , harus lapor dulu baru dapat di gunakan, kenapa tidak ada pemberitahuan dari awal..???proses via tlfn ngabisin pulsa, kenapa jadi menjijikan begini layanan BCA , buang waktu buang tenaga.",
"Kenapa jadi susah ya sekarang, sinyal merah terus!!",
"semnjak di updt ,semakin lelet ,lemot, aso",
wah aplikasi mulai kacau nih sejak kemarin loading terus gak jelas. gak bisa buat transaksi,
"setelah apk di update karena indikator merah padahal sinyalnya lancar, malah lemot ngetik pin aja berasa berat banget tidak smooth kyk sebelum update",
"sekarang nunggu lampu indikato mau hijau lama sekali,, jadi lemot,, tolong di perbaiki lagi, jngan bikin pengguna kecewa.",
"jelek banget yang sekarang masi ga bisa akses dari tgl 25 ke tgl 28 November ini aku dikasi kode 205 teruss jaringan koneksi bagus pindah wifi atau jaringan pribadi aman ga ada gangguan sinyal, buka m-banking yg lain bisa, tapi ko BCA ini ga bisa terus, ditunggu update terbaru nya!",
"LAMA BANGET KALO MAU TRANSAKSI HARUS NUNGGU HIJAU DULU edit: masa jawabannya template gini. kalo aplikasinya lambat dirasakan sama semua user, benerin dong.",
sangat puas dan nyaman,
pindah device malah ga bisa masuk gara gara ga dapet kode otp,
bagus sekali,
saya mau daftar m banking gabisa terus habis SMS sampai pulsa saya habis ga ada kelanjutan malah ada koneksi terputus silakan coba lagi...begitu terus sampai pulsa 30 ludes,
"kenapa lampu indikator nya berwarna merah terus ,tidak mau hijau sudah coba di refresh, sudah di restart hp sudah di update..ğŸ¥²",
"verivikasi udah berulang"" habis kan pulasa tapi masih ga bisa tolong jangan mempersulit",
"sudah daftar berkaliÂ² tapi tetep aja ga dapet kode otp, pdhl sudah beli pulsa",
Setelah aplikasi di update...dibukanya malah jd lemot sekedar bertransaksi lewat Qris atau payment yg lain,
aplikasi gak jelas nge bug terus,
"Sinyal merah bae,, lama ijonya semenjak update",
"kenapa akhir akhir ini bca jadi lemot ya mbangkingnya, jaringan ga stabil terus susah buat transfer",
"indikator lampu yg di pojok kanan atas selalu merah, padahal signal normal normal saja.",
koneksi jaringan stabil dan bagus tapi transaksi sangat-sangat lambat dan lamban serta lemot,
"verifikasi selalu gagal, awal coba juga gitu harus banget ke BCAnya langsung buat verifikasi diri doang. Sumpah ga bener nih aplikasi",
"lama banget,gada kode sms yang muncul, mungkin karena ganggu'an atau pun kendala tolong perbaiki dongğŸ¤•",
kenapa bca sekarang merah terus . lama banget ijo nya . padahal nyisal bagus,
nunggu lampu hijau nya lama kali....biasanya sblm update mudah dan cepat,
â­0 tidak Worthit sama sekali,
setelah update malah jd ngelag minğŸ™,
aplikasi nya sekarang merah terus indikator ny .lemah ini aplikasi,
"kenapa setelah update versi terbaru semua transaksi apalagi cek saldo aja lama nya astaghfirullah, padahal sinyal bagus",
tiap malem gangguan mulu ini mbanking nya mau tf pun susah,
abis diupdate lama amat merahnya. parah,
enjoy,
sangat berguna,
"aplikasi gatelllllll taexxxxx,,,, led merah terus sering gangguan, sangat2 tidak nyaman , hapus saja aplikasinya",
"tolong lah di perbaiki itu sistem merah, biru, hijauh terlalu lama di warna merah sama biru",
kok makin hari lemot saja kenapa,
"tolong diperbaiki,setelah upgrade ke versi terbaru jadi lemot!! begitu log in idikator koneksi tidak hijauÂ². mending versi sebelumnya,begitu log in indikator langsung hijau. ga nyaman klo begini",
banyak gangguan,
"banyak gangguan, merah terus lama lagi",
cuma ganti hp daftar lagi ribet bngt yalllahhhh,
"Server kek babi, kuota banyak jaringan 5G juga masih merah mulu tu indikator, lama banget nunggunya, gw mau bayar pake qris jadi ribet harus nunggu dulu apalagi kalo antri, yaelah gini amat bca, besok ganti bri aja dah lebih bagus tampilan nya",
banyak nglag nya. gabisa sat sett,
lemot banget abis update cuy,
"Makin kesini makin ribet. mulai dari non aktifin aksesibilitas aplikasi lain, sampai yang terbaru, DOT merahnya awet dan itu terjadi pasca login untuk melakukan transaksi. padahal paket data ada dan jaringan lancar. saya sampai malu saat akan pake qrist, di 2 tempat, yang pertama SPBU, yang kedua di mini market gegara nunggu DOT merahnya berubah, jadi ijo dan ngga berubah-berubah. akhirnya saya membayar pake kartu debit.",
"setelah update jadi lebih lambat ,lelet menghambat transaksi ,tolong di benahi kembali",
Aplikasi bosok,
"kenapa harus ada lampu indikator sih , bikin proses lama , semua harus serba cepat kalah sama ewallet",
"kok ahir ahir ini aplikasi nya lambat ya, loading lama banget baru ijo",
di update bukanya malah cepet malah jadi lambat buka aja lama banget,
ğŸ‘ğŸ‘ğŸ‘ğŸ‘ğŸ‘,
RIBET,
"layanan finansial yang ribet, sangat dipersulit",
sinyal lemot terus,
"padahal baru setor tunai 100k tapi tiba-tiba hilang 10k di mutasi tidak ada saldo keluar,kecewa bgt sih semoga pihak BCA segera ambil tindakan agar hal serupa tidak terulang kembali",
tiap ganti HP verivikasinya ribet harus selfi apa gk ada pakai cara lain pas kebeneran camera dpan rusak harus ke kntor cbg ya klau kita dekat kayak sy kerja di tambang jauh kemana2 udah mampus lah,
semakin update smkin susah buka qrisnya.,
aplikasinya ribet,
kenapa dari BCA ke dana gabisa skrg,
sinyal udah bagus pakek wifi juga udah .. tp masih aja sering putus koneksi. tlong diperbaiki lagi ..,
"ok juga nih, semua jadi lebih gampang",
aplikasi sampah sudah mau aktivitasi malah gagal terus alasan internet terputus lah transaksi gagal lah buruk sekali my banking iniğŸ˜¡ğŸ˜¡,
makin parah aja padahal jaringan bagus tapi lambat banget,
"jgn dijawab pakai template. saya pengguna lama. akhir akhir ini BCA indikator nya merah trus, susah buat transaksi, jgn bilang pastikan sinyal internet anda blabla, koneksi sya lancar, mau streaming HQ juga lancar tanpa buffer. tolong lah perbaiki kecepatan buat transaksi, mending bank sebelah gak harus nunggu lampu merah perempatan",
jadi lemot. bahkan gk masuk ke bca mobile nya.,
"setelah update aplikasi semakin lemot bgt. setiap mau setor tunai, selalu nunggu koneksi harus hijau dulu. tolong untuk kedepannya di perbaiki lagi aplikasinya",
QR nya jadi susah/lemot,
setelah update transaksi menjadi lebih sulit dan juga notifikasi sudah tidak ada yang masuk(notifikasi apapun itu),
aplikasi ribet sinyal bagus terus aja stuck di merah,
terbaik,
kenapa habis di update pembayaran VA tidak bisa ?? selalu error mbangking nya,
"lemot sekali padahal sinyal full, pulsanya banyak kepotong...buruk sekali",
kenapa ya semenjak update transaksi jadi lemot,
jos gandos,
"akhir akhir ini sering merah sinyalnya, padahal pakai wifi, biasanya aman aman aja padahal",
"setelah update ke versi terbaru malah makin jadi lambat, cek saldo lambat, transaksi juga sangat lambat",
kacau ya bca untuk ping nya sekarang lemot bnget klo mau pembayaran maluÂ² nunggu in lama padahal mah sinyal bagusÂ² aja,
sedang jelek merah terus agak lama semenjak update,
aplikasinya lebih di kembangkan lagi potongan saldo setiap bulannya kalau bisa ada notifikasi di mutasi,
kenapa sekarang susah untuk buka aplikasinya merah terus jadi tdk bisa transaksi.,
update makin kacau susah d pergunakan,
"kenapa aplikasinya makin lambat setelah d update,",
mantab semua,
aplikasi nya suka hilang sendiri sebel bner. pas cek di playstore mah ada kaga ilang bahkan masih terpasang tulisan nya tapi malah di beranda hp malah ilang gak nampak heran suka bgni dah,
update malah bikin lemot,
"knp bis update, pas masuk lampu merah ke lampu ijonya jd lama, jd rada ngehambat buat transaksi",
menyala my BCA,
BCA SEKARANG MAU CEK2 SINYAL BAGUS MASIIH SAJA MERAH.. MAKIN KESINI MAKIN BURUUUKK,
"Kenapa di Versi terbaru setelah upgrade saya tidak bisa beli paket roaming ya, mohon infonya",
diupdate malah indikator sinyal di kanan atas gamau berubah hijau selalu merah gimana ini? susah banget buat transaksi tolong dibenerin lah saya kasih bintang 5 nanti,
mau daftar aja susah mana Skali SMS ngeluarin pulsa tapi daftar nya ga berhasil berhasil,
tolong tambahkan fitur jual beli emas.,
kenapa jadi lemoot tolong perbaiki,
"Setelah update versi terbaru 4.76 (26Nov25). Lumayan tidak seberat versi sebelumnya. ngelag berkurang, dari lampu merah-biru-ijo agak cepat. Walaupun tidak seringan versi yg dulu.",
kenapa sekarang tambah susah n ribet ketika verifikasi ulang minta kode OTP tidak ada kode yg masuk ke sms.alhasil tdk bisa pakai apk ini.,
"2025 masih aja pake SMS berbayar,,ga malu apa sama seabank???",
ini kenapa transaksi tambah lemot sekali gak gerak sama sekali meskipun sinyal sudah bagus tetep saja di warna merah gak gerak di warna hijau untuk transaksinya. diperbaiki lagi biar bisa enak customernya ini,
sangat memuaskan,
kenapa akhirÂ² ini BCA sinyalnya susah ya padahal dulu mau di mana pun selalu bagus la ini saya sudah pakai kartu data di tambah pakai wifi juga kenapa tetep merah sinyalnya tolong lah di perbaiki,
Aplikasi Bagus..Tapi ada masalah..Setelah Update Menu QR tidak bisa di pakai..TOLONG SEGERA DIPERBAIKI,
APLIKASI ERROR NYUSAHIN ORANG,
"parah sering merah, pedahal sinyal penuh",
goid,
makin lemot,
sekarang jadi lemot banget,
"lemot semenjak di perbarui, mau transaksi dll, jadi susahtolong di perbaiki bug atau segala macamnya ğŸ™ğŸ¼",
abis tf 250rb ke bca terus muncul info saldo nya cuma 200rb yang 50rb ko hilang gmana nih kasih penjelasan dong,
ok terimakasih,
habis update malah sering sinyal merah. tadinya selalu hijau dan cepat. tolong diperbaiki lagi.,
kenapa layanan isi pulsa indosat sudah tidak ada,
setiap saya buka pasti bertulis transaksi tidak dpt di proses,
sumpah sih QR nya kenapa loading terusss mau payment jadi terganggu. gak lancar gituu untuk bisnisku.,
di perbarui bukanya tambah bagus malah tambah lemot.,
lelet x skrg appnya,
knp skrg merah terus. lamaaaaaa ijo,
Bagus,
Baik sekali,
"ini BCA mobile tambah parah aja,,jadi susah buka QRIS nya",
bca ku kok meeah terus koneksi aman sudah coba restart dan ganti ke koneksi wifi tetep merah pas cba pke m.bankimg lain aman. why?,
kadang lampu indikator selalu merah mulu padahal jaringan bagusğŸ™ƒ,
"saya baru berhasil masuk ke aplikasi bca, tapi setelah itu stuck di OTP. nomor OTP gak muncul muncul. jadi harus gimana????",
kenapa selalu lemot ni aplikasi saya bayar pakai Qris ke orang tapi uang nya belum masuk. dan saldo saya berkurang. terus uang nya gak kembali ke saya,
lemot banget jelek,
"gua kira ni aplikasi berguna ga tau nya ternyata malah hilang duit gua...... kalo emang niat bikin tabungan BCA ya balikin duit gua yang ga bersalah..... hilang nya juga 7,3 juta lu kira 7'3 juta seenaknya bilang ikhlasin nyesel gua bikin tabungan di sini bukanya aman malah hilang hhhhhh...............",
pengoperasian sangat mudah di mengerti,
"transfer gagal tapi saldo hilang,bca skarang benarÂ² buruk",
sering merah mohon diperbaiki,
Koq sering merah lampunya mohon diperbaiki,
"aplikasi bego,susah transfer antar rekening, padahal lampu hijau tapi selalu loding dan gagal",
"untuk proses kendala pengembalian dana nya terlalu lama , dan kesalahan bukan dari saya nya tapi dari BCA nya. kecil duit nya tapi bagi saya yang pedagang karena duit harus di putarin lagi , bagi saya sangat masalah gitu ya.",
"mbuat rekening disini daftar lemot, lama, menghabiskan pulsa. ga jadi jadi. mending bsi, sebank dll",
"Sinya bagus tapi merah mulu, etdah",
luar bisa sangat membantu,
"kaga jelas , minta kode otp pas dikirim otp tapi di masukan salah. ujung"" nya ke blokir!!!!",
bagus mudah untuk transaksi ğŸ‘ğŸ‘ğŸ‘,
"di update bukannya tambah lancar dan bagus ini mala lemot gimana sih padahal sinyal bagus tapi merah trus , tolong lah di perbaiki lagi biar lancar dan gak lemot",
good,
setelah di update bukan malah membaik makin lemot aja,
"kok susah ya buat m-bca di HP. Stuck di sehabis pengisian kata sandi, trus sampai tulisan send, tpi katanya nunggu sampai indikator menjadi hijau baru bisa lanjut transaksi. Hbis itu tetep ngga bisa masuk walaupun sudah nunggu lama, tak coba tutup buka aplikasi, ulangi dr awal lagiiii. pulsa sampe habis buat nyoba kirim verifikasi lewat sms ğŸ˜­",
"kek sampah, mana lemot lagi merah terus",
"mau masukin kode akses aja gabisa, harus 6 huruf tp cuma bisa masukin 5huruf, berhari hari kek gitu. busuk bgt. Kemarin bisa karna update apl, skrg udh diupdate knp kumat lagi heyy. Bikin emosi tiap mau buka gagal trs",
baru banget kemaren saldo berkurang Rp 34.000 padahal ngga ada transaksi apaÂ². liat kasus di tikt*k ternyata banyak yang kaya gitu.,
sangan baik,
"kenapa setelah di update terbaru, jaringannya lemah terus? sinyal merah terus, dan jadi lambat. Cek saldo gk bisa karena merah terus. Tolong diperbaiki lagi, sebagian besar transaksi saya lewat aplikasi ini. Tadinya mau simple gk ribet malah jadi bikin antrian di kasir mengular. saya liat juga banyak yg punya kendala sama setelah update terbaru.",
"Sangat disayangkan, setelah pindah dari HP lama ke HP baru, setelah semua data Saya pastikan benar, Saya terkendala verifikasi wajah yg selalu gagal. Berkali-kali hubungi CS via WA, sarannya selalu perbaiki data dan coba lagi. Tanpa solusi... Mohon untuk segera diperbaiki Bugs ini. Saya sangat kesulitan utk melakukan transaksi.",
"setelah di update lemotnya minta ampun...versi lama lebih enteng, verai baru lemot",
sering banget error indikator merah terus padahal jaringan bagus,
skrang kalau orang transfer uang uang nya gak langsung msuk ke saldo selalu (PEND) padahal sebelum nya kalo org transfer dana langsung masuk cepat mohon diperbaiki sistemnya,
lampu indikator nggak mau hijau,
joszzz,
"ini kenapa mau buka mbanking meni susah kebuka... setiap udah masukin kode akses tiba tiba langsung ada tulisan tunggu beberapa saat lagi, terus lngsung keluar dari aplikasi mbanking nya... setiap kali di coba tetap saja sama... hadehhhh bikin kesal....",
sekarang jadi lemot habis update,
pembaruan bukan nya bagus malah jelek saya bayar tiap bulan jadi nasabah biaya admin Mlah bikin malu aplikasinya,
puas,
sering bgt merah sinyal nya kocak,
sinyal merah trs bikin repot,
kenapa sih Sjnyal BCA selalu merah!! bikin ga nyaman!! wifi lancar Internet 5G perbaiki lah!!! sekelas BCA aja ga bisa jaga sinyal Server!!,
setelah update malah tambah lemot ini apk nya. sekelas bca lho malu maluin,
"parah parah .. setiap mau transaksi / transfer duit harus nunggu 15 menit sampe setengah jam .. lampu merah mllu gag berubah"" .. lampu lalulintas aja merahnya gag selama itu .. hufft",
"setelah update versi, sinyal tidak ada kendala tp indikator lampu selalu merah... berasa lambat untuk transaksi",
"aplikasi lemot ga guna,mkin kesini bknnya mkin bagus,mlah makin parah jeleknya...uninstal lah ga guna",
selalu terpercaya,
kenapa tiap mau transfer Oong merah trus,
bagus bgttt,
duh kok setelah update malah jadi lemot tanda sinyal biru Mulu padahal sinyal bagus,
"sinyal normal stabil, lampu gk kunjung hijau udh coba logout berkali kali, udh refresh mode pswt ttp aja,",
mau login sudah di centang tidak masuk masuk ke selanjut nya ini aplikasi gimana sih,
"terlalu ribet prosedurnya jika ada masalah dengan BCA, hanya mau ganti nomer hp di bca mobile, berkali-kali hubungi halo bca, ngga ada hasilnya, udah bolak balik 3x ke ATM daftarin nomer HP baru,tetep aja ngga bisa, belum ngantrinya panjang di ATM, buang-buang waktu, buang pulsa, karena konfirmasi pake sms, pake telepon. Kalaupun berhasil tetep blm bisa transaksi, ujung-ujungnya datang ke bank. Masalah salah transfer juga ribet, ngga ada solusi dari BCA, uang ngga bisa kembali, sangat kecewa",
bca mobile ini kok makin lama makin lemot ya aplikasinya... saya yng kerjanya sering transfer tiap hari sangaaat terganggu dengan lambatnya respon aplikasinya sekarang. tolong dong dibenahi.kadang mau pindah menu hampir 10 detik baru respon..,
kenapa ngeleg pas masuk .terus setelah masuk ko minta di perbarui lagi ke playstore dengen tulisan nanti saja atau oke .padahal udah di update di playstore nya.saya jd gak buka2 mbaking takutt ke retas,
"aplikasi nya sangat bagus dan aman untuk di pakai, dari 2021 saya gunakan bank bca dan mudah di akses oleh pemilik akun, dan mohon kepada pihak pengelola bank bca, biaya potongan perbulan mohon di kurangin dari yang 10 menjadi ribu menjadi 7 ribu karna itu lumayan besar potongan dalam 1 bulan bagi kami para pekerja yang masih di bawah UMR. trima kasih",
setelah update versi terbaru ko malah lambat banget ya?,
Tinggal percepat loadingan awal ya indikator ke hijaunya jedanya cukup lama. Terimakasih,
BCA mobile sekarang agak susah. sering error.,
"bca dengerin keluh kesah pengguna gaksiee, pwiss dongg di penarikan tunai tanpa kartu inbox nya bisa di hapusss spamm tauu, pwiss perbaiki itu demi akuuu aku gasuka spamğŸ˜­",
Bagus Dan Keren.,
wow,
malah tambah lemes sinyalnya..ğŸ¥²,
"kenapa setelah di update, malah jadi lemot ya? merah mulu, lama banget ke hijaunya, ampun dah",
"Isi kartu flaz susah bange, bukan bikin gampamg malah bikin susah",
kok sering merah,
lemotttt,
tida bisa mendaptar ke bca mobile karana tidak dapat kode otp,
perasaan ngga pernah log out baru aja di update malah keluar sendiri dan ga bisa login lagi sampe sekarang buat login lagi kok susah amat ya ga bisa di proses coba ulang beberapa saat lagi udah di coba dari jam 8 sampe sekarang masih belom bisa mohon pencerahan nyağŸ™ğŸ¼ perasaan enak yang dulu sebelum ada update an,
tes untuk otp,
jd lambat lelet,
"kok akhir"" ini jelek banget yaa pake bca mobile,,ngk bisa telat dikit,,ngk mau digunakan lagi,,merah terus notifnya,,mana harus log out dl baru masuk lagi,,itu pun diulang berkali"" baru mau transaksi",
lemot parah..kirain ada gangguan jaringan..pake wifi data ..sama aja lemot pas upgrt,
"Aplikasi tetap famiiar, tapi saat uodate versi terbaru jadi lemot, hal ini jadi kendala saat melakukan pembayaran via qris, apalagi kalau sedang dalam antria",
kurang praktis.nyuruh instala tapi. gak konek hari hubungi cabang terdekat .maunya tidak pakai,
benerin vermuk masih aja eror,
Kenapa jadi lambat sekali? jadi menghambat pas mau transaksi,
VERIFIKASI WAJAH RIBET,
"ini kenapa beberapa bulan ini loading nya lama, buka aplikasi nya juga lama ya??? tolong diperbaiki dong biar lancar spt kemarin2",
"serius nanya min,ini tumben buka apk pake sinyal wifi gamau y min ? knpa min ?",
"bukan hp saya saja, tp ada 3 orang lebih di daerah saya yg mengalami hal yg sama",
"Per/23 Nov 25. Saya update aplikasi karena tersedia update baru. Namun setelah update, cek saldo, transfers dan membuka kamera Qris menjadi lama. Apa lagi saat membuka Qris, loadingnya lama sekali bisa 8-15 menit nunggunya kebuka kamrenya. Untuk jaringan intetnet stabil dan bagus padahal. Harap perbaiki, bayar pakai Qris harusnya instan jadi memakan waktu.",
mantap bca,
"indikator sering merah padahal sinyal stabil tidak ada kendala apapun, tapi sering merah",
"apaan ini udah kirim sms berkali-kali sampe habis pulsa selalu gagal , di mana letak kemudahan nya",
mempermudah transaksi,
setalah update jadi lemot banget,
"simple, aman dan mudah",
"jujur ini aplikasi mobile banking paling ringan yg pernah saya pakai. Walaupun saya download My BCA dan M BCA, tetap keduanya saya pakai. M BCA saya pakai jika jaringan sedang tidak stabil dan kurang, My BCA saya pakai kalau kondisi jaringan stabil.",
susah amat di uninstall BCA mobile ini. padahal SDH dibawah server internet. lain nya Aman aja padahal,
lag. di update malah merah terus. padahal jaringan bagus. wifi lancar. tolong diperbaiki,
Qris lemot,
"setelah update versi terbaru tambah lemot, gak satset",
top up Flazz gagal tapi saldo terpotong,
"sekarang sinyal nya lambat , sering merah",
makin kesini malah makin kesana,
"nyesel banget diupdate, sinyal jadi gak stabil",
malam ini jelek aplikasi nya,
Sering kali aplikasi ini forced closed,
Bagus.,
"setelah update, kalau mau tf nunggu hijaunya lama. harus nunggu sekitar 1 - 2 menit baru hijau",
"Sejak update terbaru, tiap masuk ke mbanking lampu merah terus, seperti susah sinyal. Jadi bikin susah melakukan transaksi. Lampu nya ga hijau2. Bagaimana ini pembaharuan malah bikin ga nyaman.",
apa ini jaringan merah terus. didownload ulang malah gak bisa masuk,
bagus mantap,
penak dan mantap,
indikator nya susah hijau,
ribet transfer nungguin ijo dulu gaguna,
"setelah update lampu indikator sering merah, pdhl jaringan lancar2 saja..sudah bnyk org yg kasih ulasan lampu indikator sering merah, malah nyuruh restart hp..dasar tolol",
mudah mengaplikasikannya..,
setelah diupdate lemot bgt astaghfirullahğŸ˜¡ğŸ˜¡,
Hahah... di update malah tambah jelek sinyal nya...mending balik ke versi sebelum nya..sinyal merah terus...parah..,
Setiap ada yang transfer ngga ada Notifikasi yang masuk..!!!!!! perbaiki jangan diam saja..!,
di update ko malah lemot apknya,
tolong dong ini saya mau cek saldo gabisa. merah trusss ğŸ˜­,
kerren aplikasi m-bank bca,
"ribet amat lu mau buka rekening harus sms dulu cm buat verifikasi no hp,knp ga pake otp aja biar lbih mudah",
Bagus.. Tpi kok hari ini eror ya.. Apa ada gangguan,
BCA mobile terus berhenti gak bisa di gunakan,
"lampu indikator merah terus,padahal sinyal bagus",
makin lemottt apk gak jls mbking nya,
Oiiii BCA...ini bagaimana...habis UPDATE malah lemmmot...lemmah,
"sekarang m-BCA lemot banget, merah terus sinyal nya. saya ada 2 hape dengan 2 rekening yang berbeda lemot semua m-BCA nya",
top up flazz saldo saldo dari rekening keluar 2x tapi yg masuk hanya satu kali komplain juga susah harusnya kalau memang tidak masuk secara otomatis refund otomatis.. sebab di saldo berkurang di flazz gx masuk,
"mantab, simple cepat ga ribet",
knpa sy ga bisa masuk ya ke akun mbaca.pdh no hp dan google SM .hanya ganti hp ke rusak aja.tolong ksh penjelas nya dong,
"selama saya pakai app ini baru kemarin kemarin bayar qris pake ini terjadi non sukses transaksi di penjual nya, laporan di app ini ada dana keluar nya tetapi tidak ada dana masuk si penjual, bayangkan aja, bikin malu nasabah, udah lama ngantri lagi sama yamg lain, perlu ditingkatkan, sepertinya metode qris harus ada otp (nomer konfirmasinya) biar sama sama enak, otp nya langsung ke qris penerima",
kayaknya sekarang MBanking BCA agak lambat ya. saya pikir karna jaringan saya yang kurang bagus. tapi ternyata memang versi terbaru kurang sempurna sepertinya. Mohon segera doperbaiki ya agar tidak lambat seperti ini.,
padahal dulu paling enak pake mbangking bca. tapi sekarang setiap ganti hp haru download lagi harus verifikasi wajah ke CS sangat merepotkan beda bgt sama m**d**i cuman verifikasi otp sama email selesai. kecewaaaaaaaaa,
"sempurna, uang masuk juga ternotif, secure banget",
lemottt,
kenapa jadi lemot ya setelah di update? padahal udah hapus chace juga. jaringan aman aman aja. tolong dong di perbaiki lagi. maunya transaksi cepat malah nunggu-nya lama,
semenjak ada pembaruan aplikasinya jadi lemot banget,
"mau masuk aja verif lama banget, ujung ujungnya koneksi terputus. buat yt aja lancar ga ada kendala",
Always the best for me,
"lampu mareh sama biru nya bikin ribet Padahal sinyal bagus masih ngga hijau"" terlalu lama nunggu lampu dari ke merah sampai ke biru trus baru ke hijau, jika kita sedang terburu mau tranfer bikin menyusahkan",
"Lemot sekarang habis upgrade sinyalnya juga merah terus, why??",
setelah update merah terus susah hijau padahal jaringan bagus,
bagus aplikasi nya,
"Baru masuk aplikasi mau aktifin mbanking kode akses udah di isi -Persetujuan Selanjutnya menunggu Indikator warna hijau ,INI INDIKATOR NYA AJA GA ADA GIMANA MAU TAU IJO SAMA BIRU UDAH 6 KALI NYOBA GAGAL TERUS â€¼ï¸",
error pas bikin online tiba tiba pulsa abis,
ok sangat membantu,
"setelah di update kenapa malah jadi lemot ga kaya sebelumnya perlu pembenahan,buat transaksi susah",
Sangat Membantu..,
Selalu saja error,
Bagus sangat berguna,
"sebelum di update bagus.. lancar buka aplikasiny.. setelah di update lama banget, lampu indikatorny selalu merah padahal data saya banyak terus lemotny minta ampun.. saya cobak buka aplikasi lain lancar. tolong di perbaiki lagi aplikasiny..",
seharusnya pada saat transaksi bacaan *transfer* nya lebih besar dan berwarna,
"kenapa sekarang jadi lemot ya? merah terus statusnya, udah 2 hari ini gatau kenapa tiba-tiba jadi lelet. Mengganggu saat sedang transaksi karena harus berkali-kali buka ulang appnya biar bisa konek. Bikin lama",
"user GPN blue passport, admin bulanan tertulis 14-15 ribu saja tapi sudah 2 minggu ini setiap ada dana masuk potongan admin sekitar 42rb. dan saya tidak dapat meminta detail rincian biaya admin nya. ada apa?",
tingkat kn lampu indikator pd saat transaksi/ transfer sering menunggu pd saat lampu hijau menyala sedikit kecewa tolong percepat saat lampu merah ke lampu hijau saat mulai transaksi.,
aplikasi bdoh,
stelah di update malah tambah lemot,
tidak bisa beeli pulsa,
"kalo bisa ilangin fitur lampu indikator nya, bukanya mempercepat transaksi ini malah jadi repot harus nunggu lama, mana lampu nya merah mulu",
saya baru bikin bca trus saya isi 40ribu dari dana ke bca dari dana berhasil tapi dari bca nya belum masuk tapi ada notpikasinya masuk,
VIP APP,
suka sekali pakai aplikasi BCA mobile yang selalu menemani setiap transaksi aku,
"baru kali inj ngasih bintang 3, upgrade kok malah indikator lampunya merah terus ğŸ¥²ğŸ¥²ğŸ¥²",
mau daftar susahnya minta ampun,
aplikasi nya nyusahin orang pulsa banyak terpotong buat install aplikasi di hape yg baru alias pindah data sdh banyak buang waktu dan pulsa tlpon call Centre suruh daftar ulang di ATM.. sdh saya daftar ulang saya coba lagi eh terpotong pulsa saya.. trus suruh daftar ulang lagi.. maksdnya apa ini.. pulsa trus habis.. buat otp... saya kasih minus bintang kalo ada minus,
"bagus sih.. cuma kenapa potongan tiba tiba 22rb perbulan.. sebelumnya 17 ribu.. BCA gold.. kalau memang ada potongan tambahan, mohon untuk dicantumkan pada Kolom mutasi.. terimakasih",
pelayanan cepat dan memuaskan admin juga ramah ramah,
"mudah, membantu punya saldo 55rb, bisa TF 50rb, ga kaya yang lain harus ada saldo ngendep 15rban",
"abis di update malah merah terus, piye toh. ğŸ˜­",
"kenapa skrg gbs qris? suka bingung klo mau bayar, please buat teknisi BCA tolong di perbaiki lagi seperti SEMULA!!",
ribet bca sekarang susah masuk lampu merah terus,
baru diupdate kenapa mlh jadi lambat indikatornya merah trs kan menghambat biasanya cpt ini jd menghambat,
"semuahnya okeelah cuma , terkadang masalah di server...terkadang hijaunya lama , meski pun Wifi / Data 5G.",
ngebug mulu sinyal merah terus,
aplikasi kok lampu hijaunya lama buanget eror apa inu,
kok sekarang bisa kepotong saldo tiba tiba tanpa pemberitahuan terus engga ada di mutasi rekening lagi bukan sekali dua kali tapi beberapa kali,
barusan d update kok malah gak bisa cek saldo min(tanda merah),
saldo ilang,
"kenapa jadi eror mulu si,gak pernah ijo padahal sinyal bagus",
login aplikasi lemot parah berat kayak beban hidup nya,
padahal sinyal kencang tapi indikator merah terus jadi susah untuk transaksi,
"aplikasi nya ribet, tidak friendly",
"udah hampir satu bulan ga bisa masuk- masuk atu log in alasan nya 232 Sementara transaksi tidak dapat diproses, silakan ulangi beberapa saat lagi. gimana si ini BCA",
aplikasi lemotnya bener 2 dah ini parah,
Trimakasih pengan cepat sangat mudah,
kenpa tidak ada notif buat ternsaksi masuk?,
segalanya jadi lebih mudah,
sangat cocok untuk memberikan pelayanan terbaik,
"mengecewakan nih BCA. transaksi transfer sudah terkirim, uang sudah berkurang uang malah gga masuk ke rekening tujuan. bikin malu aja. se umur hidup gue baru tau, uang udah di transfer cuma saldonya ga masuk ke orang. bikin ribut iya, jadi fitnah iya. kalo ada bintang 0 mah gue kasih 0 nih aplikasi. kacau .. kacau .. kacau.",
mantap nih bank BCA jarang ada gangguan keren ğŸ‘,
akhir akhir ini gak jelas,
ini kenapa tidak bisa beli voucher listrik dan pulsa tiap transaksi selalu di tolak ??,
"Setelah di update ko jd di suruh regitrasi ulang ke kantor BCA,maksudnya gmn nih,makin ksni ko makin susah di gunakan",
Sejauh ini Aplikasi masih berfungsi dengan baik... Lihat Selengkapnya,
bbb om,
"saya berkali kali verifikasi ulang tetep aja ga bisa login, telfon halo bca sampe ngechat ke WhatsApp nya bca sama aja gaada jalan keluar, malah nyalahin provider kocak. buruk banget deh",
setiap x mau transaksi tunggu lampu indikator berwarna hijau . ini lampu merah apa gimna. bank mobile paling busuk yang pernah gue gunakan .,
awesome brooow,
TDK bisa menginstal ulang,
"bagus, membantu banget buat yang mau nabung kayak saya..",
lemot . hampir tiap saat maintes mulu . jadi terhalang setiap transaksi .,
Tambahkan notif uang masuk min,
ganguan mulu klo larut malam ...... gimana org TF klo ganguan muluuuuuu,
habis di update banyak masalah nih perbaiki dong,
"sejauh ini, untuk segala transaksi apapun mobile bca yang paling jauh.. aplikasi mobile terbaik menurut saya.. pertahankan terus min untuk layanan terbaiknya",
"setelah diupdate gk bisa dibukak,dan uang saya masih ada disitu",
membantu saya,
no debat BCA mobile emang sebagus itu ğŸ‘ğŸ¼,
Takbisa berkata2 yang jelas BCA mobile... Mantab n Thx's BCA,
kalau nomer yang terdaftar gak punya kuota gak bisa buka BCA mobile,
sejauh ini baik baik saja dan aman,
TERIMAKASIH BCA SUDAH BANTU KAMI YANG TERBAIK TENTANG KEMUDAHAN DALAM HAL PERBAKKAN.,
bagai mana cara mengaitkan email. agar bukti dana transaksi keluar/masuk. bisa terpantau. karena saya merasa saldo saya selalu berkurang,
ok semakin mantap,
bagus bangat,
alhamdulillah selama memakai bca mobile banyak membantuu pembayaran sacara transfer secara mudah,
"Knapa selalu update? saya merasa setiap bulan sudah ada potongan admin, tapi kenapa kira-kira 2 minggu ada potongan lagi ya , itu kenapa ya ?",
"baru update hilang 8ribu, pas ada orang tf 800ribu yang masuk 797.333 penipuan, sekarang disuruh update lagi hhhhhh di mutasi gak ada pengeluaran 5000, dimutasi adanya uang masuk 800ribu tapi di saldo 797.333 dan saldo awal sebelum update 8ribu, setelah update jadi 0 rupiahğŸ˜­",
apk gaje ribet,
Setiap verifikasi selalu gagal. udahlah ke bank nya jg ribet,
"saat sinyal bermasalah atau Qris yg bermasalah... ke tujuan tidak terkirim, saldo kita pun terpotong ntah kemana... balik laginya lama banget harus berjam2 bahkan berhari... mau laporan susah... bank besar loh ini... lebih sulit drpd ewallet",
dengan adanya aplikasi ini membuat saya merasa nyaman,
"BCA M.BENGKING saya ga bisa login lagi Min , Ceritanya aku udah lama pake hp xiomi trus aku juga udah lama pake M,bengking nah dari inbokan yang sehari hari saya tranfer udah banyak ,5300 kurang lebih tranfer inbok ,trus setiap aku mau buka M.bengking HP saya lemot dan trus aku uninstall lagi ,udah aku download lagi mau masukin 16 nomer digit ga bisa ,SOULINYA GI MANA MIN ?? TOLONGG",
"parah amat,mau masuk aplikasi saja harus daftar baru,emang sms nya enggak pake pulsa,sampe pulsa habis belum ada balasan,ko sekarang enggak jelas sih? kirim gambar kemana?",
"Makin mahal aja ya admin bca kartu blue 20rb , mending gua pindah ke bank lain admin perbulan lebih murah",
saya puas,
untuk bayar pajak kayaknya blum tersedia...semoga bisa disediakan..ğŸ™ğŸ»,
update terbaru aplikasi jadi susah untuk bertransaksi karena indikator tidak stabil sering berwarna merah pdahal sudah memakai wifi,
OTPnya lama cuk,
trenfer JD santai,
minimal kalo motong saldo kasih mutasi biar gak bikin bingung udah lah saldo gak bisa pake transaksi miris,
tolong lah BCA gmna pelayanannya ..saya udh telvn sama customer service.tidak ada perubahan .. ceritinya pswort saya di blokir..saya hubungi customer service.katanya udh di bantu buka blokirnya.. setelah masuk my BCA dan ubah id/password..harus ke halo bca lagi .. muter2 doang ..telvn lgi .gitu lagi .tolong lah di rubah..saya dulu pake mobile BCA lebih enak tapi sekarang susah banget,
"maaf ni abis updet koq aneh hp gw apa aplikasi nya yh delay nya lamaa banget indikator ny dari merah ke ijo sebelum updet tu paling 5 detik nah ini bisa semenit.,jgn tnya sinyal ane pake telkomsel yh",
makin baik...,
"ADM tros ADM trosssss kmrinÂ² 15rb bulan November ini udah naek 20rb . bankÂ² swasta yg kecil aja ngga pernah ada admin bulanan loh ,freee udah bertaunÂ² member. ngayain konglo aja ,20rb buat masyarakat menengah kbawah tu ,berarti banget bisa buat beli makan. 20rb di BCA buat ngayain kongloÂ² yg udah kaya-raya . Teller tuh kerja yg bener . kantor gua sering bermasalah sama teller elu yg ngga teliti itu . jangan bisanya ngambil biaya admin mulu woi",
keren,
"2x bayar qris eror, tapi saldo berkurang, mantap bca!",
kenapa error nih ...TF an gak masuk langsung malah sehari hadeuuuhhhh,
Setelah update kenapa setiap saya kirim / Terima uang selalu kepotong 10rb tapi di mutasi Terima/kirimnya tetap full sesuai yang kita Terima/kirim... SAYA KIRIM KE SESAMA BCA KLO GINI SAYA RUGI DONG,
layanan nya masih tetap bagus terimakasih,
"ini kenapa ya ? nggak bisa dipake apps nya merah terus nggak ijo ijo, padahal signal buat zoom, dan akses aplikasi lain aman aja",
saya kecewa bener kenapa bca mobile sekarang jadi lempot bener tidek seperti yg lama mohon diperbaiki dong,
ketika hp rusak ganti hp donlod jd gagal krn tidak terivikasi wajah gagal pulsa tlp ke halobca langsung habis kelamaan ngomong informasi.. giliran ke topik masalahnya pulsa habis. pdhl no atm sudah masuk cocok.,
the best pokoknya,
"buat kalian developer cuma bisa mempersulit orang saja,kalian kan tahu uang sekecil itu aja masa harus lapor dan telpon sana sini,memang kalian pikir kami pejabat ,memang kalian pikir telpon gak pakai pulsa,bagaimana jika klian semua leadaannya seperti kmi orang susah dan dibuat susah sama kalian,kan kalian yang buat aplikasi.kok malah mempersulit kita pengguna,beraksi lah bukan banyak mulut.",
bagus..,
terima kasih banyak BCA Mobile Aplikasi dan AdminğŸ™ğŸ™ğŸ™,
saya udah lama bnget pake bank bca kpan dapet hadiah ni...udah 15 tahun saya,
bisa membantu,
"ini beneran berfungsi?? mau transfer aja susah banget. otp ga dikasih padahal nyoba berkali-kali. edit: pake mobile data sama aja. makasih pengalaman buruknya, mending ke atm walaupun disini jauh.",
Mantaap,
pokoknya bagus,
"Tidak ada yg sempurna, yg ada adalah Menuju Sempurna. Perbaharui lah dgn efektif (win~win benefit)",
BCA top .,
"sebenarnya bagus dan pada dasarnya semua fiturnya bagus,namun ada beberapa yang perlu di benahi dan yang perlu diperbaiki ,notifikasi transaksi uang masuk selalu terlambat dan butuh waktu sangat lama,bahkan gada notifikasi sama sekali,di cek inbox juga gada ,dan di cek saldo nya melebar dan tidak otomatis dalam kotak dan harus di geser ,sering indikator nya merah sangat lama dan bahkan butuh waktu beberapa menit dan masuk kluar dan masuk kembali mohon segera diperbaiki lagi ya.",
Bagus sekali,
"Gilaaa, yg tadinya biaya admin setiap tanggal 8 ini malah tanggal 22, atau 1 bulan di tarik admin 2 kali? yang tadinya 8000 jadi 10.000 gila gila pindah si ini fixs.",
"bagus, sangat membantu tapi kalo belum ada lampu ijo gak bisa kelamaan",
lemot dibukanya,
mantaf dah,
Good,
super parah TF dari gopay bisa ga masuk2 padahal data di gopay sulses,
"Semoga bermanfaat untuk awal yang baik,.",
"sebetulnya mudah untuk mengaktifkan m-banking terblokir, cukup bawa KTP dan kartu ATM d mesin cs, tapi sesampainya di cabang baik sekuriti, petugas lainya arahin ke ambil antrian,(semacam edukasi) padahal mesin cs bs mempersinkat waktu, lanjut pergi nunggu sore sepulang kerja baru ke mesin cs sendiri dan registrasi sendiri bs",
"sering eror, tiap QRIS selalu bermasalah. uang hilang lama di gantinnya, kurang canggih",
"Asli gw kecewa bangettttttt,,, bisa bisanya baru buka rekening dah hilang puluhan ribu,,, niat gw pengen nabung d BCA malah d bikin kecewa... kalo bukan karena urusan kerjaan mending gw tutup rekening ajaa lah daripada makin kecewa, entah itu potongan apa karena gak ada sama sekali info nya ... KENAPA GW KECEWA??? LU BAYANGIN AJA BARU 2 MINGGU DAH HILANG PULUHAN RIBU!!!!! *PERBAIKI DONG DEMI KENYAMANAN CUSTOMER*",
Excellent,
ok gas,
baru ngeh uang kepotong 11rban tanpa masuk mutasi di giliran ditanya cs nya blng uang pengendapan n segala macam... jd mulai sekarang harus cermat untuk uang di rekening itu yg ketahuan 11rban jd bnr2 takut n hilang percaya sama bca soal nya uang gaji suami masuknya ke rekening ku entah brp 11rb yg udah dipotong.,
"habis update versi terbaru kemarin tapi kenapa malah jadi lemot,lebih lambat dari versi sebelumnya. harus tunggu beberapa detik untuk buka setiap menu,signal merah ke hijau pun terasa lama. kirain signal dan blm di restart setelah restart dan pakai beberapa wifi juga sama hasilnya",
susah banget daftar BCA mobile sinyal bagus manteng tapi gagal terus kecewa banget masa harus naik tower pake internet bagus masa pake daftar BCA mobile susah nomer udah terdaftar di BCA tetep gak bisa,
ok..banget,
"praktis, pelayanan cepat, profesional",
"lemot,,sensitif kartu m3 mbngking bca perpaduan lemottt",
kenapa notif uang masuk tidak ada tolong di perbaiki,
"bank tlol transfer ke bank lain kenapa biaya admin kaga di tampilkan, giliran udah dikirim malah kena biaya admin",
trims bca,
"sangat jelek bca sekarang,,setiap mau transaksi lampu selalu merah",
"tolong perbaiki ,saya tidak bisa memasuki mobile nya,sedangkan pulsa saya sudah habis banyak,tolong di perhatikan!!!",
so simply orang awam saja paham,
aplikasi mental2 mulu,
bca kok gk ada notifikasi uang masuk/keluar,
Setelah diupdate tampilan fontny jelek..ğŸ˜…,
"memudahkan segala urusan perbankan, kami....",
kenapa SMS tidak terkirim saat mau aktifkan padahal pulsa ada,
"bagus, ngebantu",
aman dan terpercaya,
jiss joss,
sangat sulit mendapatkan kode otp,
aplikasi ini sangat membantu aq utk transaksi bisnis. semoga selalu dipertahankan layanannya,
"kenapa setelah di update malah jadi sering blank/mbca tidak merespon gini si....ğŸ˜ªğŸ˜ªğŸ˜ª tolong di cek lahhh,sebelum2nya jos lohhh edit.... BARU UPDATE MALAH GAK BISA BUAT TF...COBA CEK LAGI APP NYA, BUG DI KOLOM REK TUJUAN,UDAH DI KLIK REK TUJUAN TAPI GAK NAMPIL REK TUJUANNYA...",
"makin d update makin lemot ,",
Sangat membantu,
APLIKASI NYA GAJELAS KADANG KADANG INDIKATOR MERAH TANPA SEBAB PADAHAL SINYAL BAGUS,
ini ngapa setelah update jadi lemot parah ya,
"Setelah upgrade ke versi 4.7.5 (1269), transaksi malah terasa lambat, tidak seperti versi sebelumnya. bahkan cek saldo saja juga terasa terjeda, tidak seperti sebelumnya yg langsung proses. juga di versi ini, sinyal terasa sering lemah dengan kotak kecil kanan atas/icon jaringan berwarna merah. bisa menjadi bahan evaluasi untuk tim teknisi BCA. semoga kedepan menjadi lebih baik",
"malasah verivikasi, tunggu indikator warna hijau, diulangÂ² sampai habis banyak pulsa, aplikasi noob ğŸ‘ğŸ½ğŸ‘ğŸ½ğŸ‘ğŸ½",
setelah pembaharuan aplikasi bca nya jdi lebih lemot yah. tidak se responsif versi sebelumnya saya update ke versi 4.7.5 (21 nov 2025),
"pas di apdet diperbaharui transaksi qris malah ga bisa,,,bukannya dipermudah malah dipersulit...kacau",
"sayaa baru transfer pertama ke bca mobile, tpi kenapaa saldonyaa ga masukk ya ? jadi gabisa diambil saldonya ?",
alhamdulillah dahsyat,
"setelah diupdate kok malah sering delay dan ngebug ya aplikasinya,mohon diperbaiki",
saya coba download buak kode akses belum juga berhasil baru menghabiskan pulsa 5 rb hasil nya gangguan internet atau menunggu lampu indikator.. dan sampai sekarang belum bisa karna pulsa habis terbuang begitu aja.. tlong di perbaiki sistem nya biar nasabah mudah membuka mbca,
"setelah di upgrade ke versi yang baru mau masuk ke aplikasi lemot sekali padahal sinyal sangat bagus , sangat tidak nyaman jika lemot karena harus lama menunggu untuk berhasil masuk ke aplikasi . untuk kedepannya mohon di perbaiki sistemnya agar untuk masuk ke aplikasi tidak lemot lagi.",
"BARU JUGA MALEM MINTA UPDATE, HABIS UPDATE MALAH PARAH, APLIKASI JADI LEMOT + SIANG INI MAINTENANCE LAGI",
mantab,
aplikasi perbankan yg mudah dan simple penggunaan nya...terima kasih BCA yg sudah memberikan pelayanan terbaik.,
ganguuuan gabisa cek saldo gabisa apa. biruuu terus SM merah ga ijo ijo,
error yah,
tidak ada notifikasi keluar masuk,
semakin canggih,
"respon cepat,cs nya ramah2..penjelasannya detail. terimakasihğŸ™",
baik berguna,
membantu,
pelayanan BCA ok punya.,
Very Good,
sangat profesional,
Terbaik,
mantap BCA semakin jaya,
dimudahkan dg apk ini,
"aplikasi bosok ,, ga ada improve, lemot",
"kenapa ga bisaaaaaa lagi dibutuhkan malah ga bisa berubah lampu indikatornya dan tadi error juga di telfon call center mau bicara sama admin malah ga ada suara sama sekali sampai pulsa habis, di whatsapp juga ga ada tanggapan haduh lagi butuh malah begini mana hujan ga bisa keluar ke atm",
"semakin tidak TERPERCAYA, takutnya server BCA di bobol, masak setelah update sudah 3 hari tiap dini hari gak bisa di pakai error 200 cek saldo transfer tidak bisa,",
"gara-gara sering sekali ganguan setiap pukul tengah malam , sangat tidak efektif jika ke adaan darurat seperti Harus transaksi di rumah sakit",
banyak update an menyusahkan gak bisa tf sana sini stiap malam minggu,
"Parah, setelah update terbaru lampu indikator sinyal biru mulu. padahal sinyal bagus, ditungguin sampe 10 menit masih biru. Tolong lah... Padahal sebelum update aman aja",
"parah bca ini. apa2 lemot mau Qris loading nya ampek lamaaaaaaa banget, kan malu lah sma orang lain yg nungguin, terus sering gangguan, aplgi klo tengah malem, kepepet mau isi token listrik gara2 bca gangguan, gue smpek gelap2n listrik mati, jangn begitulah rasanya pengen pindah ke bank lain yg gk lola kek bca, bikin emosi jiwa doank",
"ini apk ganguan mulu ngk kelarÂ² , kadang lg darurat mau tarik uang ngak bisa lg perbaikan mulu ngak niat buat apk apa gimna,",
asli sumpah GX jelas bca nunggu lapu garu hijau lah dikit dikit ganguan GX bisa kalo ke mesin ngambil uang saldo kepotong uang nya GX keluar lebih baik menggunakan mandiri ketimbang bca Ribett mengunaya,
jaringan burik,
"kurang memuaskan,di jam dinihari ada aja,maintance lah,sementara transaksi tidak dapat di proseslah. hmm",
sangat cocok,
trobel GK jelas,
kenapa sering eror 205 min gak bisa dibuka bankingnya,
sering pemeliharaan sistem (indikator merah dengan jaringan seluler stabil)...dan durasinya bagaikan kerja lembur yg tau kapan waktu selesainya ğŸ˜†,
bca makin parah nih #inya ada jaringan ada tpi lampu indikator nya merah trus. gimana mao cek saldo,
kenapa uang yang saya transfer belum masuk padahal jaringan saya stabil mohon di perbaiki aplikasi nya,
sangat bermanfaat dan mudah di aplikasikan,
traksaksi gagal saldo terpotong uang nya kemana?,
"pas saya tf dari dompet digital ke rekening BCA kenapa pas buka info saldo, saldonya kosong padahal pas di cek mutasi rek ada transaksi nya, dan kenapa gak ada notifikasi uang masuk. gak ngerti lagi sih",
"setiap mau mindahin mbangking ke perangkat baru selalu ngabisin pulsa login juga gak bisa KAMI MENDETEKSI PERMINTAAN AKSES BARU BCA MOBILE DARI PERANGKAT ANDA Jika ini bukan aktivitas Anda, segera hubungi Halo BCA 1500888",
"terlalu ribet, saat sim card di keluarkan dri hp minta verif berulang yg ribet sekali",
kalau mau update kasih tau/ aba aba. kalo gini mendadak g ada pulsa saldo di bca semua kan bikin repot,
"BCA bobrok sekali transaksi pembayaran gagal pengembalian 20hr kerja. TLP pengaduan hanya dapat nomer laporan, di luar Nurul sekelas BCA.",
mohon data pembukaan rekening via online di tutup karena kurang bisa membantu nasabah yang terkendala akun..,
"assalamualaikum,terimakasih ya apps BCa sudah memberikan pelayanan terbaik dengan sistem yang canggih dan transparan.untuk meningkatkan pelayanan yang terbaik sebaiknya tidak ada bug,leg dam tidak berputar-putar ketika jaringan buruk/tidak baik,mari segera download apps BCA banyak promo dan diskon-diskon menarik diberikan apps ini.semoga kedepannya bank BCA makin keren dan maju",
koneksi sering terputus. pulsa jadi habis gara2 koneksi terputus terus. jaringan saya bagus. buka apk bank lain lancar disini aja yang susah babi,
"ini gimana, kok lampu indikator gak hijau? biasanya cepet, lagi eror apa gimana?",
"Saya pengelola warung. terkadang hasil penjualan di hari Sabtu, di hari Minggunya terlambat di TF di rek kami.nTks",
"bagus,mantap",
"masa udah beberapa kali verifikasi ktp el ttp gabisa gimana sii ,padahal udah bener itu",
sering merah sinyal nya mbanking bca,
Bnyak update semakin lemot harus sama2 di perbaiki...,
bagus sangat membantu dan keamanan nya juga ok...,
"DEAR BCA!! SAYA DISURUH HRD (IDM) BUKA REKENING DI BCA WAKTU UDAH BUKA REKENING BELUM ADA SEMINGGU, SAYA DAPAT EMAIL DARI BCA ""BCA ID ANDA TELAH DI HAPUS"" CUMA GARA2 GA ADA AKTIVITAS DI ID BCA LOH!!! PADAHAL ALASAN HRD (IDM) SAYA NYURUH BUKA REKENING DI BCA KARENA INDOMARET UDAH BEKERJA SAMA DENGAN BCA. SEHARUSNYA SAYA SEBAGAI CALON SCB IDM DI PERMUDAH DONG BUKAN MALAH KAYAK GINI. GIMANA SIH!!!",
telfon halo BCA yg ngmngnya lama bgt keburu habis pulsa,
Lg orgen malah gak bisa di buka harus update dulu..bikin kesel...kenapa ini aplikasi eror lagi,
"BCA mobile aplikasi super keren,fiturnya mudah dipahami,cocok digunakan untuk semua kalangan.Buat yang mau daftar jangan lupa mskn Rep M-0-7-2-4-1-7-5 agar kalian ketika pendaftaran berjalan dengan lancar .terimakasih semoga ulasan ini membantu dan bermanfaat",
kenapa tiap mau scan Qris slalu loading ga bisa di buka.. chace udh di clear tetep ga bisa...aneh,
Semoga saja dapat bermanfaat,
anjirlah proses nya susah bener buat bikin nih kartu,
tolong disegerakan laporan. jangan kelamaan di bagian analis. saya transfer belom masuk masuk. data sudah jelas semua. sampai jam nya pun jelas. tapi kenapa masih di analis analis terus udah 3 hari,
maaf ka sebelum nya ini kan saya rusak hp nya mau d pindah kan m banking NY ke hp baru ko susah ya posisi saya di luar negri tapi no yg saya daftar kan di m banking nempel d saya juga dan udah d roaming kan maaf gimana cara nya ya soal NY saya kirim SMS juga gagal terus tolong saya ka saya butuh banget m banking ini,
Sejak pagi hr ini saya mau coba verifikasi ktp ndak bisa. Padahal pakai wifi. Gimana ini ???? versi sudah terbaru hadeeh,
kenapa update sekarang udah tidak terlihat notifikasi uang masuk dan keluar... di cek di notifikasi malah kosong..tolong segera diperbaiki,
bagus dan keren saya sangat suka,
sulit di menegerti,
sangat baik dan memperlancar transaksi keuangan.,
"Anjir sekarang minta otp susah banget, request siang. masuk kode otpnya malem. buang buang pulsa doang bangke !",
baru withdraw dari saldo akun ojol ke rekening BCA. ternyata uangnya belum masuk juga ke rekening BCA. padahal riwayat withdraw sudah berhasil. dan dilihat dari riwayat mutasi. terbaca nominal uangnya. tapi di informasi saldo TIDAK ADA. apa BCA sedang gangguan. kenapa tidak ada pemberitahuan.,
"Aplikasi BCA Mobile sangat keren,fitur nya mudah dipahami sehingga cocok digunakan untuk semua kalangan,Selama saya menggunakan apps BCA Mobile dari tahun 2019 belum pernah ada gangguan sekalian pun. Mantap banget deh.. Cuma 1 masukan Gassss pol BCA",
parah lemotnya,
biar bintang yang berbicara the best lah BCA selalu konsisten kalo soal keamanan salut,
"lama bgt buka aplikasinya, jadi ribet dan makan waktu lama. kalau lg buru buru, hadehhhh nunggu lagi. sinyal bagus juga tetep aja merah atau biru, udh restart lama lagi duhh. Padahal aplikasi sudah terupdate dan sinyal stabil",
ini aplikasinya yg di pakai yg my bca apa bca mobile?,
sangat bermanfaat untuk transaksi,
sangat Bagus,
ko loading ya...,
sangat membantu dalam bertransaksi,
"baru kali ini saya kecewa. saya Transfer uang ke BCA saya pertama 80k ada masuk saldo bertambah, terus sama Transfer lagi 50k ada masuk dimutasi rekening masuk 50k tapi di saldo tidak masuk saldo tetap tidak bertambah. Saya jadi agak trauma mau Transfer ke BCA lagi untuk menabung",
jadi lemot banget,
Maaf aplikasi nya kok jadi suka ngestuck gitu ya? padahal sebelum nya smooth banget tanpa delay ataupun stuck dan stater.,
Apa sih kode OTP ga masuk masuk!! pulsa banyak jaringan juga bagus tapi kode OTP ga masuk masuk!!,
mudah,
"versi terbaru jadi lemot sekali, tolong diperbaiki lebih nyaman versi lama sat set no lemot2",
parah banget nih BCA tidak tanggung jawab transaksi pln gagal saldo kepotong dan di layanan bantun suruh telepon rumah habis 15k pulsa tanda hasil,
tolong dong dev pada bagian verifikasi data mode kamera saat verifikasi ktp jadi wide gagal terus,
aplikasi gak jelas mau narek uang gak bisa,
maksuy banguy Garuy Garuy BCA pulang aku jadi lamuy,
"ini kenapa semenjak di update jadi lambat yah ,",
mau donk hadiah undiannya...ngga pernah dpt dr BCA ğŸ˜¥,
"setelah pindah ke perangkat baru , sering errornya padahal sudah kebank nya langsung sampe bolak balik",
"laaah lapor gangguan lama minta ampun ,!!!! sekelas BCA kayak gini pelayanan nya",
abis update malah lemot,
"susah connect nya,harus nunggu lampu hijau,ribet",
sangat membantu dalam keseharian dalam bertransaksi,
Nyaman dipakai (bagi saya),
mantappppp,
knp tidak bisa ya.. saya download aplikasinya kenapa gak bisa di buka,
aplikasi yang keren tapi kenapa di comerse kalau beli pulsa itu.mahal2 tarif nya,
hedeh knp skarang transfer malah GK masuk ilang dah duit gua parah bca,
muantap,
sudah ngeri pakai BCA baru kali ini uang masuk bisa hilang. di cek mutasi ga ada,
kenapa ga muncul di hp aplikasi nya ya ... apa hp ku yg jelek,
transaksi bagus tidak lemot,
"Kecewa sekali. pakai BCA Mobile. sulit untuk masuk. stuck untuk verifikasi. menunggu lampu indikator hijau, maksudnya apa? berkali kali tibaÂ² log out. menghabiskan pulsa!",
nice,
apl bagus ğŸ‘ dan praktis di saat cek saldo namun kendalanya sulit untuk login kembali ke hp baru,
transaksi perbankan jd mudah,
BCA luar biasa,
"baru juga pake apk ini uang aku udah ilang 50rb tanpa alasan yang jelas, padahal ga pernah di pake apa apa!!",
"bca mobile skrg jelek QR loading mlu VA nya jg kdang gabisa, kecewa",
allhamdulilah bisa fungsi kembali,
KERJA BAGUS,
"tiap mau transaksi di atas jm 12 malam pasti signal merah terus, dan gk bisa di gunakan.. masak tiap hari maintenance!?",
"saya sering melakukan top up Flazz BCA, saldo kepotong tapi gak masuk ke Flazz nya. dan bukti transaksi nya pun ada,",
susah masuk,
Aplikasi ini tidak menyenangkan bagi saya karena digitnya 0.Aplikasi ini mudah digunakan.Aplikasi ini tidak berisi iklan.,
"aplikasi mbanking bca saya setiap masuk muncul kode 205 terus, apa yang saya harus lakukan",
saya dari apk ini top up ke dana saldo bca saya sudah terpotong tapi saldo dana saya gak masuk masuk sampai sekarang,
Sangat baik dan membantu semua aktifitas,
"BCA bank yang buat kesan paling terburuk buat saya, pengen yang simpel itu susah. BCA id ga bisa karena keblokir dan kode otp udah hampir sebulan di coba berkala ga masuk masuk, kepikiran buat pake BCA mobile. Niat hati mau di urus secara online biar ga ribet jadi nyoba BCA mobile tapi hal yang serupa terjadi alasannya internet buruk lah, 232-transaksi tidak bisa dilakukan lah ada aja. Bela bela in beli pulsa lagi buat mastiin pulsa ku lebih dari cukup ttp ga bisa smpe tlpn 1500888 jga ga masuk",
"kenapa akhir2 ini sering g bisa online,, lampu indikatornya merah terus ga berubah jadi hijau,, padahal kuota banyak,, di update sudah,, knp min,,?",
simple,
"gw beli token listrik, notanya ngga muncul tapi saldo gw udah di potong",
"semua fitur bagus cuma kadang lampu indikator nya kadang suka eror,, pdhal sinyal sama netnya bagus tp susah banget berubah JD warna hijau, mohon di perhatikan ğŸ™",
very good,
"ribet, pelayanan tidak ramah",
sering perbaikan,
"topup ewalet dana saldo kepotong,tapi gk terkirim,gimanq sih ni bank,saldo ke potong tapi uang nya gak terkirim,",
"sangat kecewa pulsa sudah banyak habis,, akhirnya BCA Mobile terblokir,, capek capek isi pulsa terus, sebb ganti HP mau masuk lagi rebet amat,, mau kecabang jauh,, sudah bnyak pulsa habis,,",
ketika malam Minggu pukul 00:00-05:00 ga bisa di pakai ini sangat merugikan,
tolong dong kalau ada pemeliharaan sistem diberitahu. disaat mendadak dan penting ini tdk dapat di gunakan. mbaking mbaking mandiri saja ada notifikasi. masak mbaking bca tidak,
sangat membantu maksih BCA ğŸ™ğŸ™ğŸ˜„,
pemeliharaan lama,
pusing ganguan nya lama bngt bca,
tiap malam minggu gangguan mulu sampai jam 5 subuh .. hmmmm,
"BCA KEKURANGAN ORNG PINTAR APA, GANGGUAN SAMPAI BERJAM"".....",
"terlalu banyak pemeliharaan sistem apalagi terjadi pemeliharaan sistem nya jam 00:00 - 05:00 jam dimana mau keluar takut kenapa"" karna jalanan sepi, saya lagi posisi urgent jadi gabisa pake Mobile banking SANGAT MENGGANGGU",
"peningkatan pelayanan lagi hadeuhh.. lama bener. apalagi sih yg mau ditingkatkan, kalau masih ngandelin sinyal hijau doang",
"hanya pentingkan indonesia bagian barat .. bagian timur nya gimna ,, mau tarik uang kalau jam subuh ajah kagak bisa ,, harus mengikuti , gak kasian apa org kalau butuh uang sini"" .. biasanya gak pake waktu narik uang .. skrg malah pake waktu , katanya permudah .. malah ini persulit ,,, aneeeehhh BCA.. tolong dong buat ajah 24 Jam bisa",
lama kalo lagi maintenanceğŸ¥´ğŸ¥´,
"sistem pemeliharaan ko lm bgt, nyusahin konsumen aja,",
maintenance ga ngotak 00-05. lah di jam segitu kan emang fungsi m-banking kalo kebutuhan urgent. kita di pedesaan di jam segitu mau keluar kemana..??,
"tolong diperbaiki pelayanannya, kadang kalo malem suka gangguan udah tau penting !!!!",
apa ini kok pemeliharaan apa nih,
"Pelayanan Bca Joss gak diragukan lagi, cuma satu masukan sih biaya admin tolong jangan mahal-mahal yaaa bca ğŸ˜­ masa setiap bulan 20 rb",
kenapa banyak gangguan dan sering mantenence .. kualitasnya tolong di jaga. pengguna Mbanking BCA ini sangat banyak . dan mbanking ini sangat penting bagi para pengguna nya .. semoga punya kualitas konsisten yang bagus. di tiap KCP BCA pelayanan dan kualitas sudah terbaik di Indonesia no1. cuma IT nya aja yg bagian system masih ya gitulah,
"saya sedang memerlukan uang, tapi tidak bisa di akses karena pemeliharaan sistem",
"Ada ada aja nih BCA, masa maintenace di hari sabtu mlm minggu kaya gini, udah tau klo sabtu mlm minggu udah pasti banyak transaksi, malah maintenace, bkn di hari biasa malah di hari lg sibuk sibuknya transaksi. ngaco",
bca kenapa lgi gangguan hadehh,
"kebiasaan banget kalo pemeliharaan jam"" malem, semua juga ada keperluan jngn apa apa pemeliharaan Mulu waktu nya cukup lama, coba jngn jam malam untuk pemeliharaan nya kalo seperti ini semua akan susah tidak semua pegang cash tolong di perbaiki jam jam pemeliharaan nya min",
terlalu sering pemeliharaan sistem . sangat mengganggu .,
harusnya bisa dong BCA mobile hari Minggu 16 2025/2026,
"sangat puas,layanan cepat dan membantu sekali.",
apk sampah mt gapernah kasih info,
terlalu sering gangguan mbangking tiap malam,
jelek setiap ada transaksi yg penting malah ada pemeliharaan,
"tolong jgn kebanyakan maintenance, bca Mobilenya.",
"untuk Bank BCA , di sarankan hr ini tgl.16/11/25 untuk pemeliharan sistem max 1jam,klo 5jam itu terlalu lama,maaf org tidak semua operasional di siang hari,ada juga yg dari malam sampai pagi..terimKasih",
malah gangguan. lagi urgen urgen nyah.,
kebanyakan maintance nih bcaaa,
sukses slalu bca,
"Mau di pakai buat urgent, kebanyakan pemeliharaan an........",
"kalo ada pemeliharaan harusnya ada pemberitahuan terlebih dahulu, KLO gini caranya gak bisa transaksi kebiasaan banget bca",
"lg ada perlu urgent buat transfer, malah gk bisa dipke sedang dlm pemeliharaan dri jam 00.00 sampai jam 04.30, trlalu lama durasi nya, sdgkan org sedang urgent untk transaksi, skrg aplikasi Bca sngat buruk, sangat lama sekali loading nya, lemot bner",
"bca( bank cabang asia) lantas kenapa tidak bisa aktiv 24 jam? sedangkan untuk transaksi ke negara lain, waktu tiap daerah ber bedaÂ² kenapa, semakin kesini semakin tidak nyaman, sedangkan potongan bulanan paling besar di antara bank lain, apakah saya harus pindah ke bank lain yang potong lebih kecil??",
sering trobel selalu maintenanğŸ¤¦ğŸ¤¦ğŸ¤¦,
tiap malm minggu selalu maintenance..,
baik & mempermudah,
Bgus,
jos,
josss,
Bca mau transfer aja ribet harus hubungi financial,
kenapa abis di update.. kok stiap masuk lama & kluar lgi..,
sangat membsntu dan mudah,
kenapa ini mau tf antar bank kok gbisa sih malah ada tulisan nomer tidak terdaftar pdhl udh sering transaksi ke situ selalu bisa skrg udh gbisa . ini kenapa aplikasinya si,
saya sudah kasih bintang 5 kenapa mau verifikasi gagal terus padahal nomor bener KTP bener sinyal ok ada apa kah,
"selalu disuruh login verifikasi ulang katanya sim gak sesuai. giliran udah di verifikasi, saya matiin sim nya eh suruh login lagi. ribet banget, padahal dulu gk kayak gini. masalahnya nomor saya beda negara gimana dong solusinya biar gak loginÂ² terus",
"Dear BCA, tolong di perbaiki di sistemnya lagi masa mau login kode akses nya salah mulu sampai 3x padahal Password yang saya masukkan sudah sesuai dan ketika verifikasi harusnya kan minta password baru dan setelah aku ganti, masukkan ulang kode akses nya ketika mau login masa engga bisa juga pdhal Password yang baru sudah di masukkan. Bukan sekali atau 2 kali ini sudah berkali kali. Pulsa 50k pun dah hilang cuma untuk verifikasi melalui pesan ğŸ˜¢ğŸ˜¢ğŸ˜¢ğŸ˜¢ğŸ˜¢ğŸ˜¢",
"selalu perbarui SIM id card, berapa kali harus beli pulsa, apk jelek. iya udh aq pakek SIM yang terdaftar di bca Mobile, tapi tetep sajah sering suruh daftar kembali aq kecewa banget.ini udh kejadian lagi padahal stiap bulan udah ada 10.000 , emang apk bca ini apa sebangsat gini",
dapat menolong serta melihat antar transaksi satu dengan yang lainnya..,
saya transaksi di gopay ke bca di gopay transaksi berhasil dan ada buktinya tapi pas saya cek di bca Mobile tidak ada notifikasi dan saya cek saldo saya blm masuk sama sekali dari kemarin,
aku mau beralih ke My BCA nya,
cepat..,
mantab pelayanan nya,
sulit untuk login kembali saat logout sampai menghabiskan pulsa saya ğŸ˜,
simple mudah dan yaa bisa diandalkan,
"otp tapi harus melalui kirim sms, sangat ketinggalan zaman",
"pelayanan sangat baik, dan semua jadi serba mudah.",
mantap. tolong di pertahankan kekuatan nya agar tidak terbobol hacker,
mntap,
ini knp dahh abis update malah ga bisa login,
"Kenapa sih buka rekening baru melalui sistem online selalu gagal, ku kira nasabah jadi enak yang hidup di pedesaan dan jauh dari bank dan kantor BCA ternyata lebih susah karena data ktp setelah melakukan video call tidak terbaca, lah apa gunanya sistem buka rekening baru secara online kalau harus datang ke kantor cabang terlebih dahulu, sedangkan kantor cabang aja sangat jauh dan jarang terdapat bank BCA terdekat.",
buang buang duit buat beli pulsa verifikasi gagal terus padahal no sudah terdaftar di ATM bca,
"abis pulsa gua mau daftar mbanking gak bisa""",
merah terus bos. gak hijau2 bos.. nanti saya bintang 5 kalo uda bener. soalnya liat review ternyata masalahnya sama *edit sudah rada bener. tapi masih lama nunggu hijaunya. gak kayak dulu,
"apk ini sangat membantu, terimakasih bca",
"main gebyar BCA yang permainan gatcha gak bisa terus, tombol buka gatcha terlalu kebawah mepet dengan tombol back hape..tolong kalo bisa diperbaiki desain nya...terimakasih",
sangat baik,
"aplikasi yang dapat di gunakan untuk transaksi berupa uang digital, tapi sayang nya pelayanan kurang cepat menurut saya tolong untuk pelayanan bisa di permudah",
"transaksi melalui qris saldo ke potong di mutasi juga ada bukti, di inbox gak terdeteksi dan di tujuan penerima blm masuk transaksi pembayaran",
"kode otp nya knp ga masukÂ² ya,plsa ada jaringan bgus tp ga ada msk sma skli.mohon perbaikan'a",
"jelek.klo udh ganti no hp,gak bs masuk ke aplikasi.ribet.hrs registrasi ulang di hp,ke ATM,klo di ATM gak bs hrs ke kantor cabang.gak ky BRImo registrasi gampang biarpun ganti no hp.cukup di hp.gak hrs ribet ke ATM atau ke kantor cabang",
terotomatis close,
susah daptar,
"Aneh setiap kartu sim ke cabut harus login ulang, terus saat login minta foto muka, itu susah nya minta ampun, ujung2 nya di suruh ke bank lagi, males banget",
sangt mmbntu untuk transaksi,
"kalo jaringannya ngeleg tolong kasih tahu, ini kenapa saldo ke sedot paket belum masuk sih, aduh kacah bca",
makan memorinya besar banget ğŸ˜­,
proses aktivasi banking tlong jangan terlalu memakan banyak pulsa,
sangat membantu terimakasih,
BCA GAJELAS CS BANK GA RAMAH M-BANKING SUSAH DAFTAR NYA BUTUH SINYAL BANGET,
"Sementara transaksi tidak dapat diproses, silahkan ulangi beberapa saat lagi.",
mempermudah pembayaran,
susah bamget qris nya,
ğŸ‘,
semenjak update terakhir kali mau transaksi lemot bgt delaynya dari notif lampu biru ke ijo,
lebih aman dibca,
pelayanan mengecewakan...,
Saya kurang setuju untuk fitur mutasi rekeningnya hanya bisa di download max dlm 1 bulan itupun min 7 hari. mohon bisa lebih di perpanjang akar kami bisa melihat record transakasi jauh sebelumnya tanpa harus ke bank. tks,
BCA mantaap,
jangan isi pulsa di Mbanking kalo tidak masuk ribet komplain mending beli ditnpt lain aja,
bagus dan mudah,
ğŸ‘ŒğŸ‘ŒğŸ‘Œ,
"sementara transaksi tidak dapat diproses, silakan ulangi beberapa saat lagi gitu aja terus ğŸ˜‘",
perkara ganti hp saja susah buat masuk gatau kenapa jadi ribet ini aplikasi,
untuk ferivikasi wajah ko gak bisa yah kak..tolong arahan nya .mksh,
hari ini knpa VA.nya gagal terus ya?,
"ijonya susah, merah mulu, mo transfer aja bolak balik nunggu ijo lama, sampek kluar lagi masuk lagi kluar lagi masuk lagi hadeeeeeeh, pindah bank lain aja maaf",
"Kenapa sya tidak dpt melakukan transaksi selalu muncul notifikasi ""205 transaksi tidak dapat dilakukan coba beberapa saat lagi"" sudah 2 hari",
kenapa skr BCA Mobile tambah lemot ya setelah update. ga sprti sebelumnya enak digunakan dan responsip,
sngt memuaskan,
"sekarang mah kalau mau transper slalu loding,, gangguan sinyal trus,,",
"bca penipu kmrn saya di telpon suruh iya iya aja, gataunya duit saya di ambilin, saya mau batalin, bisa di batalin tp duitnya gabisa di balikin, PENIPU",
"2jt hilang entah kemana saat transfer ke bank lain, gangguan sistem",
kreen,
ok banget,
bagus...bintang 5 donk,
"Saya sangat kecewa dengan BANK BCA kenapa tidak ad informasi,ketika saya langsung datang ke kantor BCA terkait uang mengendap 50Rb? saya tidak tau bapak saya transfer sebesar 35jadinya tidak masuk dan menjadi saldo mengendapğŸ˜” saya tidak akan memakai bank ini lagi jujur saya kecewa banget duit yang bapak saya transfer sangatlah penting dan menurut saya BCA mobile adalah rekening terburuk yang saya temui.",
"kurang update, yang lain udah pakai fingerprint saat login, sekelas bank bca tidak ada, payah sih",
mudah jadi bertransaksi sesamanya jadi tidak perlu lagi ke bank buat transfer.,
"enakan livin by mandiri aplikasi nya,,",
udah seminggu ini bca buat transaksi tidak bisa muncul warna hijau,
"halo BCA Mobile, semoga ada update fitur bayar Tap qris NFC yaa, karena di apk sekarang masih belum ada ya?",
kenapa ya kak setiap transaksi harus verifikasi ulang?,
"bisa engga kalo pengaktifannya jangan pakai pulsa, masa pulsa 10k baru ngomong beberapa kalimat langsung habis, kalo gitu mau habis berapa banyak, harus isi pulsa 50k dulu baru aktif, hormatilah kami kaum kecil dimana 1k aja begitu berharga",
hp selesai di servis jadi hilang aplikasinya,
"Mau login di hp baru, sudah verifikasi 10 kali g bisa alasan internet. Internet padahal tidak ada masalah. Aplikasinya g jelas",
minta tolong kenapa saya gak dapet kode OTP terus untuk login,
kemudahan dalam transaksi,
"mau login nggak bisa. udah beberapa hari yang lalu ke kantor bca lampung bca mobile sudah diperbaiki. alasan ke blokir,nggak pernah tuh saya masukin salah id,hari ini error lagi. mulai nggam nyaman",
"sekarang agak sedikit lelet klo mau transfer, indikator jg lama merah ny. kdng kalo mau qris hrus refresh berulang"" trus baru bisa pdhal sinyal bagus ğŸ¥²",
bagus banget,
"masih bagusan versi sebelum nya, abis updeat terbaru malah terkesan ngelag, berat, lemot .",
"belum 1 bulan sudah kena biaya ini itu nyesel aku bikin kartu bca, buat kalian2 mending bikin ATM yg lain aja terlalu mahal biaya administrasi ada juga ada juga biaya kartu ATM apa2 an ini ğŸ˜",
mau masuk aja verifikasi muka kaga bisa bisa gmna ini apk nya BCA jadi jelek,
"ganti hp malah suruh daftar ulang , apk bloon",
mantapp,
"mau cek saldo aja sussahnya minta ampun,",
ui nya ... sih ok,
Sip Dan Oke,
Banyak manfaatnya untuk dalam keadaan apapun,
lag,
mantap lahğŸ‘,
Uang masuk tolong cantumin jam nya,
"update terbaru jadi jelek, lemot dan agak berat di HP, tidak lancar seperti biasanya",
manfaat,
apl gk kebuka mental terus,
"Byond bsi registrasi mudah, bca mobile registrasi kenapa susah? hapus sajalah",
"tadi saya tarik uang di atm bca, beralamat desa penatahan, penebel. tabanan, bali, uang tidak keluar saldo berkurang, saya lapor kebank disuruh nunggu 5 hari,, sangat sangat buruk, orang kalo dah tarik uang itu sudah penting sekali ini malah disuruh nunggu 5 hari, sangat merugikan nasabah, uang dipotong perbulan lagi kena tarik uang hilang",
"saya mengajukan pembukaan rekening malah pulsa habis, kena sms, teruss ribet, di jaman sekarang bank yang lain sudah pada canggih ini mau daftar juga ribet,, malah pulsa habiss terpotong teruss sama sms",
kenapa gabisa liat mutasi rekening,
"ribet pisan mau login,parah,ga seperti aplikasi bank lain gampang mudah coba di perbaiki lah.login salah masukan nama user sekali langsung diblokir,mau buka blokir harus sms,udah sms harus registrasi di atm,udah registrasi masih susah juga login,cape aing plok",
pelayanan nya lama banyak ngobrol nya,
knpa setiap mau bukak BCA selalu kluar sendiri.saya tidak bisa pakay,
sangat sangat memuaskan,
Andalan transaksi,
"permisi, maaf, ini kenapa gak bisa top-up kartu flazz ya dan opsi top up flazz tak muncul ya?",
"human eror, tanpa melakukan kesalahan tiba2 keblokir data tidak tersimpan dengan rapih",
buruk,
"saya baru2 ini ada kendala diakses masuk saya berusaha nanya ke cs BCA Sampek isi pulsa 50 rb tapi gak ada solusi bener bener kecewa sama BCA, sekelas BCA tapi cs nya bikin bete asli dah kapooook. kalau ada kesempatan mau pindah aja ke bank lain, sebenernya BCA nya aman2 aja tapi CS nya ampun dah",
kata sandi benar kok salah sampai 3x jadi kena blokir dah kata sandi salah apa sengaja di blokir,
"makin ribet beli pulsa listrik, udh saldo d potong, no token harus d ajuin lg, trus transaksi blm dapat d proses...makin sini makin aneh aja ini bank, kburu mati listriknya, dari jam 18:15 sampe skrng 21:23 masih blm bisa d proses, sudah mengikuti saran inbox tetap ga bisa,",
tidak adakah pembaruan untuk aplikasi mbca..,
"lah ini kenapa akun ku min, disuruh verifikasi ulang dan saya udah lakuin petunjuk dan arahan aplikasi, gak bisa di buka akunnya min tolong dongğŸ™",
indikator merah terus apa lgi trobel ya.. padhal sinyal full,
merah mulu ampun dah,
bagaimana cara aktifkan fitur qris tap??,
"saya tidak bisa login karena harus memasukkan 16 nomor kartu, sedangkan saya belum memiliki kartu fisiknya, selama ini saya menggunakan BCA mobile hanya untuk keperluan digital, tolong bantu saya bagaimana agar dapat login",
kenapa setiap kali transaksi ada yg gagal atau error tapi saldo tetap berkurang gimana si bca,
sangat membantu buat pembayaran online,
"Daftar gagal mlulu, sekali SMS hilang 2ribu. Licik kau. parah verifikasi pulsa sampe habis. kena tipu system raimu. cok kecewa",
loading saat login kok jadi lama banget ya,
berat di jaringan,
"otp sulit , keblokir ,padahal udah bner masukin otp :(",
ahir2 ini pakai jaringan Wifi tidak bisa transakni,
ih gelekğŸ¤®,
susah benermau cek mutasi ğŸ¤·ğŸ¤¦?!!!!,
kenapa setiap buka bca harus verifikasi ulang kartunya dan itu sangat mengganggu dan lama apalagi menunggu verifikasi SMS yang tidak cepat dan sangat lamban,
